deal_id,stage,entered_date
D0001,Prospecting,2026-08-24
D0001,Discovery,2026-09-02
D0001,Demo,2026-09-29
D0002,Prospecting,2026-07-29
D0002,Discovery,2026-08-07
D0002,Demo,2026-08-27
D0002,Closed Lost,2026-09-12
D0003,Prospecting,2026-03-26
D0003,Discovery,2026-04-10
D0003,Demo,2026-05-02
D0003,Closed Lost,2026-05-21
D0004,Prospecting,2026-09-04
D0004,Closed Lost,2026-09-14
D0005,Prospecting,2026-09-09
D0005,Discovery,2026-09-25
D0006,Prospecting,2026-09-16
D0007,Prospecting,2026-07-18
D0007,Discovery,2026-07-31
D0007,Demo,2026-08-24
D0007,Proposal,2026-09-07
D0008,Prospecting,2025-10-25
D0008,Discovery,2025-11-11
D0008,Demo,2025-11-23
D0008,Proposal,2025-12-17
D0008,Closed Lost,2026-01-17
D0009,Prospecting,2025-10-02
D0009,Closed Lost,2025-10-17
D0010,Prospecting,2026-08-03
D0010,Closed Lost,2026-08-24
D0011,Prospecting,2025-11-13
D0011,Discovery,2025-11-28
D0011,Demo,2025-12-12
D0011,Proposal,2026-01-08
D0011,Closed Lost,2026-02-07
D0012,Prospecting,2026-06-22
D0012,Discovery,2026-06-29
D0012,Demo,2026-07-16
D0012,Proposal,2026-07-26
D0012,Negotiation,2026-08-29
D0012,Closed Lost,2026-09-10
D0013,Prospecting,2026-07-20
D0013,Discovery,2026-08-02
D0013,Demo,2026-08-15
D0013,Proposal,2026-09-05
D0014,Prospecting,2026-01-06
D0014,Discovery,2026-01-20
D0014,Demo,2026-02-01
D0014,Proposal,2026-02-28
D0014,Closed Lost,2026-04-03
D0015,Prospecting,2026-01-18
D0015,Closed Lost,2026-01-25
D0016,Prospecting,2026-07-05
D0016,Discovery,2026-07-19
D0016,Demo,2026-08-14
D0016,Proposal,2026-09-09
D0016,Negotiation,2026-09-28
D0017,Prospecting,2026-06-25
D0017,Discovery,2026-07-07
D0017,Demo,2026-07-29
D0017,Proposal,2026-08-17
D0017,Negotiation,2026-09-02
D0018,Prospecting,2025-12-20
D0018,Discovery,2026-01-08
D0018,Demo,2026-01-18
D0018,Proposal,2026-02-14
D0018,Negotiation,2026-03-21
D0018,Closed Won,2026-04-04
D0019,Prospecting,2025-10-27
D0019,Discovery,2025-11-03
D0019,Demo,2025-11-17
D0019,Proposal,2025-12-05
D0019,Negotiation,2026-01-02
D0019,Closed Won,2026-01-25
D0020,Prospecting,2026-03-07
D0020,Closed Lost,2026-03-14
D0021,Prospecting,2025-12-19
D0021,Closed Lost,2026-01-07
D0022,Prospecting,2026-09-25
D0023,Prospecting,2026-04-23
D0023,Discovery,2026-05-04
D0023,Demo,2026-05-30
D0023,Proposal,2026-06-26
D0023,Negotiation,2026-07-10
D0023,Closed Won,2026-07-28
D0024,Prospecting,2026-06-19
D0024,Discovery,2026-06-26
D0024,Demo,2026-07-06
D0024,Closed Lost,2026-08-02
D0025,Prospecting,2026-09-06
D0025,Discovery,2026-09-14
D0026,Prospecting,2026-09-12
D0026,Discovery,2026-09-25
D0027,Prospecting,2026-09-03
D0027,Discovery,2026-09-15
D0028,Prospecting,2026-02-03
D0028,Discovery,2026-02-17
D0028,Demo,2026-03-17
D0028,Proposal,2026-04-08
D0028,Negotiation,2026-04-29
D0028,Closed Lost,2026-05-09
D0029,Prospecting,2026-05-26
D0029,Discovery,2026-06-09
D0029,Demo,2026-07-03
D0029,Proposal,2026-07-30
D0029,Negotiation,2026-08-27
D0029,Closed Won,2026-09-22
D0030,Prospecting,2026-08-17
D0030,Discovery,2026-08-27
D0030,Closed Lost,2026-09-16
D0031,Prospecting,2026-03-19
D0031,Discovery,2026-04-01
D0031,Closed Lost,2026-04-29
D0032,Prospecting,2026-07-07
D0032,Discovery,2026-07-18
D0032,Demo,2026-07-28
D0032,Closed Lost,2026-08-19
D0033,Prospecting,2026-05-25
D0033,Discovery,2026-06-08
D0033,Demo,2026-06-30
D0033,Proposal,2026-07-23
D0033,Negotiation,2026-08-08
D0033,Closed Won,2026-09-04
D0034,Prospecting,2025-10-16
D0034,Discovery,2025-10-25
D0034,Demo,2025-11-19
D0034,Closed Lost,2025-12-17
D0035,Prospecting,2025-10-14
D0035,Discovery,2025-10-27
D0035,Demo,2025-11-12
D0035,Proposal,2025-11-29
D0035,Closed Lost,2025-12-22
D0036,Prospecting,2026-06-17
D0036,Discovery,2026-07-01
D0036,Demo,2026-07-22
D0036,Proposal,2026-08-15
D0036,Negotiation,2026-09-11
D0037,Prospecting,2026-05-26
D0037,Closed Lost,2026-06-09
D0038,Prospecting,2026-07-12
D0038,Discovery,2026-07-30
D0038,Closed Lost,2026-08-26
D0039,Prospecting,2026-03-06
D0039,Discovery,2026-03-18
D0039,Demo,2026-04-14
D0039,Proposal,2026-05-08
D0039,Negotiation,2026-05-30
D0039,Closed Won,2026-06-15
D0040,Prospecting,2025-11-21
D0040,Discovery,2025-12-02
D0040,Demo,2025-12-29
D0040,Closed Lost,2026-01-09
D0041,Prospecting,2026-05-14
D0041,Discovery,2026-06-03
D0041,Demo,2026-06-15
D0041,Proposal,2026-06-27
D0041,Negotiation,2026-08-01
D0041,Closed Lost,2026-08-15
D0042,Prospecting,2026-05-19
D0042,Discovery,2026-06-01
D0042,Demo,2026-06-12
D0042,Closed Lost,2026-06-25
D0043,Prospecting,2025-11-08
D0043,Discovery,2025-11-22
D0043,Demo,2025-12-09
D0043,Proposal,2025-12-28
D0043,Negotiation,2026-01-25
D0043,Closed Lost,2026-02-11
D0044,Prospecting,2026-03-07
D0044,Discovery,2026-03-21
D0044,Demo,2026-04-09
D0044,Proposal,2026-04-27
D0044,Negotiation,2026-05-26
D0044,Closed Won,2026-06-24
D0045,Prospecting,2026-01-26
D0045,Closed Lost,2026-02-02
D0046,Prospecting,2026-02-20
D0046,Closed Lost,2026-03-06
D0047,Prospecting,2026-04-29
D0047,Discovery,2026-05-19
D0047,Demo,2026-05-30
D0047,Proposal,2026-06-19
D0047,Closed Lost,2026-07-06
D0048,Prospecting,2025-10-27
D0048,Closed Lost,2025-11-10
D0049,Prospecting,2026-07-10
D0049,Discovery,2026-07-18
D0049,Demo,2026-07-31
D0049,Proposal,2026-08-14
D0049,Negotiation,2026-09-06
D0049,Closed Won,2026-09-24
D0050,Prospecting,2026-05-01
D0050,Discovery,2026-05-08
D0050,Closed Lost,2026-05-27
D0051,Prospecting,2026-01-05
D0051,Discovery,2026-01-25
D0051,Demo,2026-02-05
D0051,Proposal,2026-03-02
D0051,Negotiation,2026-03-28
D0051,Closed Lost,2026-04-27
D0052,Prospecting,2026-05-14
D0052,Discovery,2026-05-23
D0052,Demo,2026-06-06
D0052,Proposal,2026-06-24
D0052,Closed Lost,2026-07-20
D0053,Prospecting,2025-10-19
D0053,Closed Lost,2025-10-30
D0054,Prospecting,2025-12-25
D0054,Discovery,2026-01-13
D0054,Demo,2026-02-03
D0054,Proposal,2026-02-17
D0054,Negotiation,2026-03-16
D0054,Closed Won,2026-03-31
D0055,Prospecting,2026-02-08
D0055,Discovery,2026-02-19
D0055,Demo,2026-03-06
D0055,Closed Lost,2026-03-27
D0056,Prospecting,2026-04-14
D0056,Discovery,2026-04-25
D0056,Demo,2026-05-17
D0056,Closed Lost,2026-06-14
D0057,Prospecting,2026-01-21
D0057,Discovery,2026-02-08
D0057,Demo,2026-02-22
D0057,Proposal,2026-03-05
D0057,Negotiation,2026-04-02
D0057,Closed Won,2026-04-23
D0058,Prospecting,2026-04-06
D0058,Closed Lost,2026-04-17
D0059,Prospecting,2025-11-08
D0059,Discovery,2025-11-26
D0059,Closed Lost,2025-12-18
D0060,Prospecting,2026-07-02
D0060,Discovery,2026-07-13
D0060,Demo,2026-08-03
D0060,Proposal,2026-08-20
D0060,Closed Lost,2026-09-22
D0061,Prospecting,2026-05-26
D0061,Discovery,2026-06-04
D0061,Demo,2026-06-15
D0061,Proposal,2026-07-10
D0061,Closed Lost,2026-07-31
D0062,Prospecting,2026-04-27
D0062,Discovery,2026-05-07
D0062,Demo,2026-05-24
D0062,Closed Lost,2026-06-06
D0063,Prospecting,2026-09-05
D0063,Discovery,2026-09-12
D0063,Closed Lost,2026-09-29
D0064,Prospecting,2025-12-14
D0064,Discovery,2025-12-22
D0064,Demo,2026-01-01
D0064,Closed Lost,2026-01-22
D0065,Prospecting,2025-11-28
D0065,Discovery,2025-12-13
D0065,Demo,2026-01-06
D0065,Proposal,2026-01-17
D0065,Negotiation,2026-02-21
D0065,Closed Won,2026-03-17
D0066,Prospecting,2026-03-14
D0066,Discovery,2026-03-31
D0066,Demo,2026-04-20
D0066,Proposal,2026-05-16
D0066,Negotiation,2026-06-15
D0066,Closed Lost,2026-06-28
D0067,Prospecting,2026-04-23
D0067,Discovery,2026-05-10
D0067,Demo,2026-05-24
D0067,Proposal,2026-06-18
D0067,Negotiation,2026-07-04
D0067,Closed Won,2026-07-17
D0068,Prospecting,2026-02-25
D0068,Discovery,2026-03-07
D0068,Demo,2026-04-01
D0068,Proposal,2026-04-14
D0068,Negotiation,2026-05-15
D0068,Closed Won,2026-06-02
D0069,Prospecting,2026-03-23
D0069,Discovery,2026-04-09
D0069,Closed Lost,2026-04-23
D0070,Prospecting,2026-07-18
D0070,Discovery,2026-08-06
D0070,Demo,2026-08-18
D0070,Proposal,2026-09-10
D0071,Prospecting,2026-06-27
D0071,Discovery,2026-07-13
D0071,Demo,2026-07-29
D0071,Closed Lost,2026-08-14
D0072,Prospecting,2026-06-12
D0072,Discovery,2026-06-30
D0072,Closed Lost,2026-07-27
D0073,Prospecting,2025-10-10
D0073,Discovery,2025-10-23
D0073,Demo,2025-11-15
D0073,Proposal,2025-12-07
D0073,Negotiation,2025-12-31
D0073,Closed Won,2026-01-29
D0074,Prospecting,2026-05-12
D0074,Discovery,2026-05-23
D0074,Demo,2026-06-09
D0074,Proposal,2026-06-24
D0074,Negotiation,2026-07-28
D0074,Closed Won,2026-08-23
D0075,Prospecting,2026-01-10
D0075,Discovery,2026-01-18
D0075,Demo,2026-02-12
D0075,Closed Lost,2026-03-12
D0076,Prospecting,2026-05-15
D0076,Discovery,2026-05-27
D0076,Demo,2026-06-15
D0076,Proposal,2026-06-26
D0076,Negotiation,2026-07-19
D0076,Closed Won,2026-07-31
D0077,Prospecting,2026-06-01
D0077,Closed Lost,2026-06-20
D0078,Prospecting,2026-05-13
D0078,Discovery,2026-05-25
D0078,Demo,2026-06-13
D0078,Proposal,2026-07-03
D0078,Negotiation,2026-07-18
D0078,Closed Won,2026-08-17
D0079,Prospecting,2026-03-20
D0079,Closed Lost,2026-03-31
D0080,Prospecting,2026-09-09
D0080,Discovery,2026-09-30
D0081,Prospecting,2026-06-06
D0081,Closed Lost,2026-06-17
D0082,Prospecting,2025-10-23
D0082,Discovery,2025-11-06
D0082,Demo,2025-11-30
D0082,Proposal,2025-12-17
D0082,Closed Lost,2026-01-15
D0083,Prospecting,2025-12-22
D0083,Discovery,2026-01-02
D0083,Closed Lost,2026-01-27
D0084,Prospecting,2026-06-20
D0084,Discovery,2026-06-30
D0084,Closed Lost,2026-07-21
D0085,Prospecting,2026-01-23
D0085,Discovery,2026-02-09
D0085,Demo,2026-02-23
D0085,Closed Lost,2026-03-14
D0086,Prospecting,2025-12-16
D0086,Discovery,2025-12-24
D0086,Demo,2026-01-10
D0086,Proposal,2026-01-21
D0086,Closed Lost,2026-02-24
D0087,Prospecting,2025-10-01
D0087,Discovery,2025-10-18
D0087,Closed Lost,2025-11-13
D0088,Prospecting,2026-04-17
D0088,Discovery,2026-05-06
D0088,Closed Lost,2026-05-23
D0089,Prospecting,2026-03-23
D0089,Closed Lost,2026-04-06
D0090,Prospecting,2026-03-08
D0090,Discovery,2026-03-19
D0090,Demo,2026-04-04
D0090,Closed Lost,2026-04-15
D0091,Prospecting,2026-06-12
D0091,Discovery,2026-06-23
D0091,Demo,2026-07-16
D0091,Proposal,2026-07-31
D0091,Negotiation,2026-08-24
D0091,Closed Won,2026-09-13
D0092,Prospecting,2026-05-17
D0092,Discovery,2026-05-30
D0092,Demo,2026-06-10
D0092,Proposal,2026-07-02
D0092,Negotiation,2026-08-06
D0092,Closed Won,2026-08-16
D0093,Prospecting,2026-08-27
D0093,Discovery,2026-09-12
D0094,Prospecting,2026-06-13
D0094,Discovery,2026-07-02
D0094,Demo,2026-07-26
D0094,Closed Lost,2026-08-14
D0095,Prospecting,2025-12-28
D0095,Closed Lost,2026-01-14
D0096,Prospecting,2026-01-23
D0096,Discovery,2026-02-11
D0096,Demo,2026-03-04
D0096,Proposal,2026-03-25
D0096,Negotiation,2026-04-25
D0096,Closed Won,2026-05-07
D0097,Prospecting,2026-05-27
D0097,Discovery,2026-06-15
D0097,Demo,2026-07-13
D0097,Proposal,2026-07-27
D0097,Closed Lost,2026-08-11
D0098,Prospecting,2026-03-27
D0098,Discovery,2026-04-04
D0098,Demo,2026-05-01
D0098,Proposal,2026-05-20
D0098,Negotiation,2026-06-05
D0098,Closed Won,2026-06-20
D0099,Prospecting,2026-07-20
D0099,Discovery,2026-08-06
D0099,Demo,2026-08-25
D0099,Proposal,2026-09-16
D0100,Prospecting,2026-03-26
D0100,Discovery,2026-04-10
D0100,Demo,2026-04-27
D0100,Proposal,2026-05-15
D0100,Negotiation,2026-06-02
D0100,Closed Lost,2026-06-21
D0101,Prospecting,2025-12-21
D0101,Discovery,2026-01-01
D0101,Closed Lost,2026-01-13
D0102,Prospecting,2025-10-05
D0102,Discovery,2025-10-23
D0102,Demo,2025-11-14
D0102,Proposal,2025-12-06
D0102,Negotiation,2026-01-06
D0102,Closed Won,2026-02-02
D0103,Prospecting,2026-04-06
D0103,Discovery,2026-04-21
D0103,Demo,2026-05-02
D0103,Closed Lost,2026-05-22
D0104,Prospecting,2026-08-12
D0104,Discovery,2026-09-01
D0104,Closed Lost,2026-09-26
D0105,Prospecting,2026-09-18
D0106,Prospecting,2025-10-17
D0106,Discovery,2025-10-31
D0106,Demo,2025-11-14
D0106,Proposal,2025-11-30
D0106,Closed Lost,2026-01-02
D0107,Prospecting,2026-05-24
D0107,Closed Lost,2026-06-12
D0108,Prospecting,2026-03-02
D0108,Discovery,2026-03-13
D0108,Demo,2026-04-07
D0108,Proposal,2026-04-28
D0108,Negotiation,2026-05-20
D0108,Closed Won,2026-06-17
D0109,Prospecting,2026-05-15
D0109,Discovery,2026-06-04
D0109,Closed Lost,2026-07-01
D0110,Prospecting,2026-01-24
D0110,Discovery,2026-02-11
D0110,Demo,2026-02-25
D0110,Closed Lost,2026-03-24
D0111,Prospecting,2025-11-15
D0111,Closed Lost,2025-12-05
D0112,Prospecting,2026-03-02
D0112,Discovery,2026-03-13
D0112,Demo,2026-04-09
D0112,Closed Lost,2026-04-23
D0113,Prospecting,2025-10-08
D0113,Discovery,2025-10-27
D0113,Closed Lost,2025-11-18
D0114,Prospecting,2025-12-11
D0114,Discovery,2025-12-24
D0114,Closed Lost,2026-01-11
D0115,Prospecting,2026-05-27
D0115,Closed Lost,2026-06-17
D0116,Prospecting,2026-06-02
D0116,Discovery,2026-06-15
D0116,Demo,2026-07-10
D0116,Proposal,2026-07-26
D0116,Negotiation,2026-08-30
D0116,Closed Won,2026-09-11
D0117,Prospecting,2026-07-08
D0117,Discovery,2026-07-17
D0117,Demo,2026-08-12
D0117,Proposal,2026-08-28
D0117,Negotiation,2026-09-26
D0118,Prospecting,2026-02-08
D0118,Discovery,2026-02-15
D0118,Demo,2026-02-27
D0118,Closed Lost,2026-03-10
D0119,Prospecting,2026-05-18
D0119,Closed Lost,2026-06-04
D0120,Prospecting,2026-07-03
D0120,Discovery,2026-07-23
D0120,Closed Lost,2026-08-02
D0121,Prospecting,2025-12-19
D0121,Discovery,2025-12-27
D0121,Demo,2026-01-19
D0121,Proposal,2026-01-29
D0121,Negotiation,2026-02-14
D0121,Closed Won,2026-02-25
D0122,Prospecting,2026-02-26
D0122,Discovery,2026-03-14
D0122,Demo,2026-04-03
D0122,Closed Lost,2026-04-17
D0123,Prospecting,2026-08-17
D0123,Closed Lost,2026-08-29
D0124,Prospecting,2026-02-01
D0124,Discovery,2026-02-20
D0124,Demo,2026-03-03
D0124,Proposal,2026-03-26
D0124,Negotiation,2026-04-13
D0124,Closed Won,2026-05-01
D0125,Prospecting,2026-01-06
D0125,Discovery,2026-01-13
D0125,Demo,2026-01-29
D0125,Proposal,2026-02-26
D0125,Negotiation,2026-03-29
D0125,Closed Won,2026-04-14
D0126,Prospecting,2026-02-02
D0126,Discovery,2026-02-12
D0126,Demo,2026-03-03
D0126,Proposal,2026-03-30
D0126,Negotiation,2026-04-22
D0126,Closed Lost,2026-05-18
D0127,Prospecting,2025-10-24
D0127,Discovery,2025-11-04
D0127,Demo,2025-12-02
D0127,Proposal,2025-12-25
D0127,Negotiation,2026-01-14
D0127,Closed Won,2026-02-05
D0128,Prospecting,2025-12-26
D0128,Discovery,2026-01-10
D0128,Closed Lost,2026-02-06
D0129,Prospecting,2025-12-10
D0129,Discovery,2025-12-17
D0129,Demo,2026-01-10
D0129,Proposal,2026-02-04
D0129,Negotiation,2026-02-18
D0129,Closed Won,2026-03-17
D0130,Prospecting,2026-09-23
D0131,Prospecting,2026-05-24
D0131,Closed Lost,2026-06-10
D0132,Prospecting,2026-06-13
D0132,Closed Lost,2026-07-03
D0133,Prospecting,2025-12-31
D0133,Discovery,2026-01-16
D0133,Closed Lost,2026-02-07
D0134,Prospecting,2026-09-18
D0134,Discovery,2026-09-25
D0135,Prospecting,2026-07-11
D0135,Discovery,2026-07-28
D0135,Demo,2026-08-16
D0135,Proposal,2026-08-28
D0135,Negotiation,2026-09-15
D0136,Prospecting,2025-10-03
D0136,Discovery,2025-10-11
D0136,Demo,2025-10-26
D0136,Proposal,2025-11-22
D0136,Negotiation,2025-12-19
D0136,Closed Won,2025-12-31
D0137,Prospecting,2026-02-02
D0137,Discovery,2026-02-11
D0137,Demo,2026-03-01
D0137,Proposal,2026-03-13
D0137,Negotiation,2026-04-04
D0137,Closed Lost,2026-04-29
D0138,Prospecting,2026-08-14
D0138,Closed Lost,2026-08-27
D0139,Prospecting,2026-09-21
D0140,Prospecting,2026-05-13
D0140,Closed Lost,2026-06-02
D0141,Prospecting,2026-05-05
D0141,Discovery,2026-05-19
D0141,Demo,2026-06-15
D0141,Proposal,2026-07-08
D0141,Negotiation,2026-08-02
D0141,Closed Won,2026-08-29
D0142,Prospecting,2026-07-16
D0142,Discovery,2026-08-04
D0142,Demo,2026-08-27
D0142,Proposal,2026-09-09
D0143,Prospecting,2025-10-13
D0143,Discovery,2025-10-21
D0143,Demo,2025-11-04
D0143,Proposal,2025-11-24
D0143,Negotiation,2025-12-14
D0143,Closed Won,2026-01-04
D0144,Prospecting,2026-03-25
D0144,Discovery,2026-04-12
D0144,Demo,2026-04-27
D0144,Proposal,2026-05-17
D0144,Negotiation,2026-06-14
D0144,Closed Won,2026-07-06
D0145,Prospecting,2026-02-20
D0145,Closed Lost,2026-02-28
D0146,Prospecting,2026-09-09
D0146,Discovery,2026-09-25
D0147,Prospecting,2026-09-10
D0147,Discovery,2026-09-19
D0148,Prospecting,2026-06-08
D0148,Discovery,2026-06-24
D0148,Closed Lost,2026-07-15
D0149,Prospecting,2025-12-25
D0149,Discovery,2026-01-05
D0149,Demo,2026-01-22
D0149,Closed Lost,2026-02-06
D0150,Prospecting,2026-07-07
D0150,Discovery,2026-07-24
D0150,Closed Lost,2026-08-12
D0151,Prospecting,2025-11-30
D0151,Discovery,2025-12-16
D0151,Demo,2026-01-08
D0151,Closed Lost,2026-01-22
D0152,Prospecting,2026-06-21
D0152,Closed Lost,2026-07-10
D0153,Prospecting,2026-02-04
D0153,Discovery,2026-02-20
D0153,Demo,2026-03-15
D0153,Proposal,2026-03-27
D0153,Negotiation,2026-04-12
D0153,Closed Won,2026-04-30
D0154,Prospecting,2026-07-01
D0154,Discovery,2026-07-15
D0154,Demo,2026-08-03
D0154,Proposal,2026-08-31
D0154,Closed Lost,2026-09-29
D0155,Prospecting,2025-10-01
D0155,Discovery,2025-10-22
D0155,Demo,2025-11-10
D0155,Proposal,2025-11-28
D0155,Negotiation,2025-12-23
D0155,Closed Won,2026-01-13
D0156,Prospecting,2026-09-01
D0156,Discovery,2026-09-09
D0156,Demo,2026-09-26
D0157,Prospecting,2026-04-15
D0157,Closed Lost,2026-04-27
D0158,Prospecting,2026-07-16
D0158,Discovery,2026-08-03
D0158,Closed Lost,2026-08-17
D0159,Prospecting,2025-12-03
D0159,Discovery,2025-12-15
D0159,Demo,2026-01-01
D0159,Proposal,2026-01-13
D0159,Negotiation,2026-02-15
D0159,Closed Won,2026-03-16
D0160,Prospecting,2026-01-05
D0160,Closed Lost,2026-01-26
D0161,Prospecting,2025-11-06
D0161,Discovery,2025-11-27
D0161,Closed Lost,2025-12-19
D0162,Prospecting,2026-01-19
D0162,Discovery,2026-02-03
D0162,Demo,2026-03-01
D0162,Proposal,2026-03-24
D0162,Negotiation,2026-04-09
D0162,Closed Won,2026-05-06
D0163,Prospecting,2026-03-08
D0163,Discovery,2026-03-15
D0163,Demo,2026-04-07
D0163,Proposal,2026-04-18
D0163,Closed Lost,2026-05-23
D0164,Prospecting,2026-06-12
D0164,Discovery,2026-06-30
D0164,Demo,2026-07-21
D0164,Proposal,2026-08-08
D0164,Closed Lost,2026-08-25
D0165,Prospecting,2026-04-03
D0165,Discovery,2026-04-12
D0165,Closed Lost,2026-04-25
D0166,Prospecting,2025-10-07
D0166,Discovery,2025-10-16
D0166,Demo,2025-10-27
D0166,Proposal,2025-11-19
D0166,Negotiation,2025-12-10
D0166,Closed Won,2025-12-30
D0167,Prospecting,2025-10-24
D0167,Discovery,2025-11-04
D0167,Demo,2025-11-23
D0167,Proposal,2025-12-20
D0167,Negotiation,2026-01-14
D0167,Closed Lost,2026-02-11
D0168,Prospecting,2026-04-28
D0168,Discovery,2026-05-16
D0168,Demo,2026-06-05
D0168,Proposal,2026-06-27
D0168,Negotiation,2026-07-20
D0168,Closed Lost,2026-08-15
D0169,Prospecting,2026-04-30
D0169,Discovery,2026-05-08
D0169,Demo,2026-06-03
D0169,Proposal,2026-06-25
D0169,Negotiation,2026-07-27
D0169,Closed Won,2026-08-10
D0170,Prospecting,2025-12-09
D0170,Discovery,2025-12-18
D0170,Demo,2026-01-07
D0170,Proposal,2026-02-03
D0170,Negotiation,2026-02-23
D0170,Closed Won,2026-03-19
D0171,Prospecting,2026-04-21
D0171,Discovery,2026-04-30
D0171,Closed Lost,2026-05-22
D0172,Prospecting,2025-12-11
D0172,Discovery,2025-12-21
D0172,Demo,2026-01-12
D0172,Proposal,2026-01-24
D0172,Closed Lost,2026-02-15
D0173,Prospecting,2026-05-25
D0173,Discovery,2026-06-12
D0173,Demo,2026-06-22
D0173,Proposal,2026-07-15
D0173,Closed Lost,2026-08-04
D0174,Prospecting,2026-08-14
D0174,Discovery,2026-09-04
D0174,Demo,2026-09-15
D0175,Prospecting,2026-03-26
D0175,Discovery,2026-04-04
D0175,Demo,2026-04-21
D0175,Proposal,2026-05-09
D0175,Negotiation,2026-06-07
D0175,Closed Lost,2026-07-05
D0176,Prospecting,2026-07-22
D0176,Closed Lost,2026-08-11
D0177,Prospecting,2026-07-16
D0177,Closed Lost,2026-08-04
D0178,Prospecting,2025-10-29
D0178,Discovery,2025-11-05
D0178,Closed Lost,2025-11-21
D0179,Prospecting,2026-07-28
D0179,Closed Lost,2026-08-12
D0180,Prospecting,2025-12-29
D0180,Discovery,2026-01-14
D0180,Demo,2026-01-31
D0180,Proposal,2026-02-15
D0180,Negotiation,2026-03-10
D0180,Closed Lost,2026-03-20
D0181,Prospecting,2026-01-22
D0181,Discovery,2026-02-03
D0181,Demo,2026-02-20
D0181,Proposal,2026-03-12
D0181,Closed Lost,2026-03-28
D0182,Prospecting,2026-02-09
D0182,Discovery,2026-02-23
D0182,Closed Lost,2026-03-10
D0183,Prospecting,2026-06-03
D0183,Discovery,2026-06-13
D0183,Closed Lost,2026-06-25
D0184,Prospecting,2026-04-11
D0184,Discovery,2026-04-19
D0184,Demo,2026-05-14
D0184,Closed Lost,2026-06-06
D0185,Prospecting,2026-01-14
D0185,Discovery,2026-02-04
D0185,Demo,2026-02-22
D0185,Proposal,2026-03-13
D0185,Negotiation,2026-03-28
D0185,Closed Lost,2026-04-24
D0186,Prospecting,2025-11-19
D0186,Discovery,2025-11-27
D0186,Demo,2025-12-10
D0186,Proposal,2026-01-01
D0186,Negotiation,2026-02-05
D0186,Closed Won,2026-03-07
D0187,Prospecting,2026-05-14
D0187,Discovery,2026-05-21
D0187,Demo,2026-06-03
D0187,Closed Lost,2026-06-24
D0188,Prospecting,2026-06-01
D0188,Discovery,2026-06-08
D0188,Demo,2026-07-04
D0188,Proposal,2026-07-18
D0188,Negotiation,2026-08-15
D0188,Closed Lost,2026-08-30
D0189,Prospecting,2026-03-13
D0189,Discovery,2026-03-26
D0189,Demo,2026-04-22
D0189,Proposal,2026-05-10
D0189,Closed Lost,2026-05-24
D0190,Prospecting,2026-07-26
D0190,Discovery,2026-08-11
D0190,Closed Lost,2026-08-30
D0191,Prospecting,2025-12-13
D0191,Closed Lost,2025-12-26
D0192,Prospecting,2026-03-09
D0192,Closed Lost,2026-03-17
D0193,Prospecting,2026-01-05
D0193,Discovery,2026-01-19
D0193,Closed Lost,2026-02-09
D0194,Prospecting,2026-01-11
D0194,Discovery,2026-02-01
D0194,Demo,2026-02-17
D0194,Proposal,2026-03-13
D0194,Closed Lost,2026-04-16
D0195,Prospecting,2026-03-29
D0195,Discovery,2026-04-18
D0195,Demo,2026-05-07
D0195,Proposal,2026-05-18
D0195,Closed Lost,2026-06-19
D0196,Prospecting,2026-06-20
D0196,Discovery,2026-06-27
D0196,Demo,2026-07-11
D0196,Proposal,2026-07-21
D0196,Closed Lost,2026-08-23
D0197,Prospecting,2026-09-12
D0197,Discovery,2026-09-19
D0198,Prospecting,2026-09-01
D0198,Discovery,2026-09-10
D0198,Closed Lost,2026-09-27
D0199,Prospecting,2026-03-01
D0199,Discovery,2026-03-08
D0199,Closed Lost,2026-04-05
D0200,Prospecting,2026-01-01
D0200,Discovery,2026-01-19
D0200,Closed Lost,2026-02-03
D0201,Prospecting,2026-05-04
D0201,Discovery,2026-05-15
D0201,Demo,2026-05-28
D0201,Proposal,2026-06-25
D0201,Negotiation,2026-07-28
D0201,Closed Won,2026-08-13
D0202,Prospecting,2026-04-28
D0202,Discovery,2026-05-07
D0202,Demo,2026-05-22
D0202,Proposal,2026-06-16
D0202,Negotiation,2026-07-05
D0202,Closed Won,2026-07-16
D0203,Prospecting,2026-08-21
D0203,Discovery,2026-08-28
D0203,Demo,2026-09-13
D0203,Closed Lost,2026-09-23
D0204,Prospecting,2026-03-09
D0204,Discovery,2026-03-18
D0204,Demo,2026-03-29
D0204,Proposal,2026-04-17
D0204,Negotiation,2026-05-17
D0204,Closed Won,2026-06-06
D0205,Prospecting,2026-01-25
D0205,Discovery,2026-02-01
D0205,Demo,2026-02-16
D0205,Proposal,2026-02-27
D0205,Negotiation,2026-04-02
D0205,Closed Won,2026-04-29
D0206,Prospecting,2026-09-19
D0206,Discovery,2026-09-30
D0207,Prospecting,2026-06-24
D0207,Closed Lost,2026-07-14
D0208,Prospecting,2026-01-10
D0208,Discovery,2026-01-20
D0208,Demo,2026-02-12
D0208,Proposal,2026-02-23
D0208,Negotiation,2026-03-15
D0208,Closed Won,2026-04-09
D0209,Prospecting,2026-07-21
D0209,Discovery,2026-08-05
D0209,Closed Lost,2026-08-18
D0210,Prospecting,2026-02-26
D0210,Discovery,2026-03-06
D0210,Demo,2026-03-17
D0210,Proposal,2026-03-31
D0210,Negotiation,2026-04-19
D0210,Closed Lost,2026-05-13
D0211,Prospecting,2026-05-22
D0211,Discovery,2026-06-10
D0211,Demo,2026-06-25
D0211,Closed Lost,2026-07-06
D0212,Prospecting,2026-08-10
D0212,Discovery,2026-08-31
D0212,Demo,2026-09-25
D0213,Prospecting,2026-09-13
D0213,Closed Lost,2026-09-23
D0214,Prospecting,2026-07-13
D0214,Discovery,2026-08-03
D0214,Closed Lost,2026-08-28
D0215,Prospecting,2026-01-23
D0215,Discovery,2026-01-31
D0215,Demo,2026-02-28
D0215,Proposal,2026-03-25
D0215,Closed Lost,2026-04-11
D0216,Prospecting,2026-08-23
D0216,Discovery,2026-09-09
D0216,Demo,2026-09-29
D0217,Prospecting,2025-10-02
D0217,Discovery,2025-10-13
D0217,Demo,2025-11-03
D0217,Closed Lost,2025-11-14
D0218,Prospecting,2026-08-09
D0218,Discovery,2026-08-19
D0218,Demo,2026-09-04
D0218,Proposal,2026-09-17
D0219,Prospecting,2026-06-05
D0219,Discovery,2026-06-23
D0219,Demo,2026-07-07
D0219,Proposal,2026-07-27
D0219,Negotiation,2026-08-22
D0219,Closed Lost,2026-09-20
D0220,Prospecting,2026-04-30
D0220,Discovery,2026-05-20
D0220,Demo,2026-06-09
D0220,Proposal,2026-07-06
D0220,Negotiation,2026-07-26
D0220,Closed Won,2026-08-14
D0221,Prospecting,2026-07-26
D0221,Closed Lost,2026-08-13
D0222,Prospecting,2026-02-24
D0222,Discovery,2026-03-15
D0222,Demo,2026-04-11
D0222,Proposal,2026-05-05
D0222,Closed Lost,2026-06-09
D0223,Prospecting,2026-09-20
D0224,Prospecting,2026-01-24
D0224,Discovery,2026-02-12
D0224,Demo,2026-02-28
D0224,Proposal,2026-03-16
D0224,Closed Lost,2026-04-04
D0225,Prospecting,2026-07-27
D0225,Discovery,2026-08-17
D0225,Closed Lost,2026-08-31
D0226,Prospecting,2026-01-21
D0226,Discovery,2026-01-30
D0226,Demo,2026-02-26
D0226,Proposal,2026-03-19
D0226,Negotiation,2026-04-08
D0226,Closed Won,2026-04-28
D0227,Prospecting,2026-03-27
D0227,Discovery,2026-04-12
D0227,Demo,2026-04-23
D0227,Proposal,2026-05-13
D0227,Negotiation,2026-05-30
D0227,Closed Won,2026-06-26
D0228,Prospecting,2025-11-12
D0228,Discovery,2025-11-27
D0228,Demo,2025-12-09
D0228,Closed Lost,2025-12-25
D0229,Prospecting,2026-09-17
D0229,Discovery,2026-09-25
D0230,Prospecting,2026-03-11
D0230,Discovery,2026-03-28
D0230,Closed Lost,2026-04-09
D0231,Prospecting,2026-08-07
D0231,Closed Lost,2026-08-20
D0232,Prospecting,2026-03-01
D0232,Closed Lost,2026-03-22
D0233,Prospecting,2025-10-03
D0233,Discovery,2025-10-11
D0233,Demo,2025-11-01
D0233,Proposal,2025-11-27
D0233,Negotiation,2025-12-16
D0233,Closed Won,2026-01-03
D0234,Prospecting,2026-03-19
D0234,Discovery,2026-03-30
D0234,Demo,2026-04-15
D0234,Proposal,2026-05-09
D0234,Negotiation,2026-06-13
D0234,Closed Won,2026-07-11
D0235,Prospecting,2026-01-22
D0235,Discovery,2026-02-03
D0235,Closed Lost,2026-02-23
D0236,Prospecting,2025-12-11
D0236,Discovery,2025-12-28
D0236,Closed Lost,2026-01-09
D0237,Prospecting,2026-04-06
D0237,Discovery,2026-04-26
D0237,Demo,2026-05-20
D0237,Proposal,2026-06-01
D0237,Negotiation,2026-07-01
D0237,Closed Lost,2026-07-18
D0238,Prospecting,2026-04-02
D0238,Discovery,2026-04-13
D0238,Demo,2026-04-24
D0238,Closed Lost,2026-05-20
D0239,Prospecting,2026-08-29
D0239,Discovery,2026-09-18
D0240,Prospecting,2026-02-06
D0240,Closed Lost,2026-02-18
D0241,Prospecting,2025-12-16
D0241,Discovery,2025-12-24
D0241,Closed Lost,2026-01-16
D0242,Prospecting,2025-10-23
D0242,Discovery,2025-11-07
D0242,Demo,2025-12-05
D0242,Proposal,2025-12-20
D0242,Negotiation,2026-01-08
D0242,Closed Won,2026-01-30
D0243,Prospecting,2026-05-18
D0243,Closed Lost,2026-05-28
D0244,Prospecting,2025-11-05
D0244,Discovery,2025-11-15
D0244,Demo,2025-12-11
D0244,Proposal,2025-12-25
D0244,Negotiation,2026-01-13
D0244,Closed Won,2026-02-11
D0245,Prospecting,2025-10-01
D0245,Discovery,2025-10-16
D0245,Demo,2025-10-27
D0245,Proposal,2025-11-19
D0245,Negotiation,2025-12-18
D0245,Closed Won,2026-01-09
D0246,Prospecting,2026-08-03
D0246,Closed Lost,2026-08-21
D0247,Prospecting,2025-11-24
D0247,Discovery,2025-12-14
D0247,Demo,2026-01-11
D0247,Closed Lost,2026-01-29
D0248,Prospecting,2026-06-05
D0248,Discovery,2026-06-23
D0248,Closed Lost,2026-07-07
D0249,Prospecting,2026-04-24
D0249,Discovery,2026-05-11
D0249,Demo,2026-05-26
D0249,Proposal,2026-06-05
D0249,Negotiation,2026-06-23
D0249,Closed Won,2026-07-22
D0250,Prospecting,2025-10-20
D0250,Discovery,2025-11-06
D0250,Closed Lost,2025-11-17
D0251,Prospecting,2025-10-18
D0251,Discovery,2025-11-03
D0251,Demo,2025-11-14
D0251,Closed Lost,2025-11-24
D0252,Prospecting,2026-07-09
D0252,Discovery,2026-07-21
D0252,Demo,2026-08-08
D0252,Proposal,2026-08-24
D0252,Negotiation,2026-09-19
D0253,Prospecting,2026-02-06
D0253,Discovery,2026-02-25
D0253,Closed Lost,2026-03-17
D0254,Prospecting,2026-04-30
D0254,Discovery,2026-05-20
D0254,Demo,2026-06-08
D0254,Proposal,2026-06-28
D0254,Negotiation,2026-07-17
D0254,Closed Won,2026-08-07
D0255,Prospecting,2026-01-26
D0255,Discovery,2026-02-04
D0255,Closed Lost,2026-02-17
D0256,Prospecting,2026-06-09
D0256,Discovery,2026-06-22
D0256,Demo,2026-07-20
D0256,Closed Lost,2026-08-15
D0257,Prospecting,2026-05-24
D0257,Discovery,2026-06-06
D0257,Demo,2026-06-26
D0257,Proposal,2026-07-14
D0257,Negotiation,2026-08-05
D0257,Closed Lost,2026-08-30
D0258,Prospecting,2026-02-21
D0258,Discovery,2026-03-10
D0258,Demo,2026-03-23
D0258,Proposal,2026-04-09
D0258,Negotiation,2026-05-05
D0258,Closed Won,2026-05-19
D0259,Prospecting,2026-07-01
D0259,Closed Lost,2026-07-16
D0260,Prospecting,2026-02-08
D0260,Discovery,2026-02-20
D0260,Demo,2026-03-13
D0260,Proposal,2026-03-31
D0260,Negotiation,2026-04-27
D0260,Closed Won,2026-05-26
D0261,Prospecting,2026-04-14
D0261,Discovery,2026-05-04
D0261,Demo,2026-05-24
D0261,Proposal,2026-06-21
D0261,Negotiation,2026-07-07
D0261,Closed Won,2026-07-27
D0262,Prospecting,2026-04-30
D0262,Discovery,2026-05-10
D0262,Demo,2026-05-22
D0262,Proposal,2026-06-13
D0262,Closed Lost,2026-06-29
D0263,Prospecting,2026-01-26
D0263,Discovery,2026-02-04
D0263,Demo,2026-02-19
D0263,Closed Lost,2026-03-12
D0264,Prospecting,2026-08-20
D0264,Discovery,2026-09-06
D0264,Closed Lost,2026-09-25
D0265,Prospecting,2025-10-06
D0265,Discovery,2025-10-18
D0265,Demo,2025-11-14
D0265,Closed Lost,2025-12-09
D0266,Prospecting,2026-04-10
D0266,Discovery,2026-04-20
D0266,Closed Lost,2026-05-12
D0267,Prospecting,2026-09-21
D0268,Prospecting,2026-08-13
D0268,Discovery,2026-08-25
D0268,Closed Lost,2026-09-05
D0269,Prospecting,2025-11-16
D0269,Closed Lost,2025-11-27
D0270,Prospecting,2026-02-14
D0270,Closed Lost,2026-02-24
D0271,Prospecting,2026-02-04
D0271,Discovery,2026-02-23
D0271,Demo,2026-03-11
D0271,Closed Lost,2026-03-30
D0272,Prospecting,2025-10-27
D0272,Discovery,2025-11-13
D0272,Demo,2025-11-23
D0272,Proposal,2025-12-11
D0272,Closed Lost,2026-01-06
D0273,Prospecting,2026-03-23
D0273,Discovery,2026-03-30
D0273,Demo,2026-04-13
D0273,Proposal,2026-04-26
D0273,Negotiation,2026-05-17
D0273,Closed Won,2026-06-13
D0274,Prospecting,2026-04-12
D0274,Discovery,2026-04-26
D0274,Demo,2026-05-23
D0274,Proposal,2026-06-17
D0274,Negotiation,2026-07-06
D0274,Closed Won,2026-07-26
D0275,Prospecting,2026-08-23
D0275,Discovery,2026-09-08
D0275,Demo,2026-09-25
D0276,Prospecting,2026-09-03
D0276,Discovery,2026-09-23
D0277,Prospecting,2026-01-22
D0277,Discovery,2026-02-01
D0277,Demo,2026-02-13
D0277,Proposal,2026-02-24
D0277,Closed Lost,2026-03-23
D0278,Prospecting,2025-11-21
D0278,Discovery,2025-12-06
D0278,Demo,2026-01-03
D0278,Proposal,2026-01-18
D0278,Negotiation,2026-02-18
D0278,Closed Lost,2026-03-03
D0279,Prospecting,2026-06-16
D0279,Closed Lost,2026-06-30
D0280,Prospecting,2026-01-18
D0280,Closed Lost,2026-01-30
D0281,Prospecting,2025-10-04
D0281,Discovery,2025-10-11
D0281,Closed Lost,2025-10-29
D0282,Prospecting,2026-01-28
D0282,Closed Lost,2026-02-13
D0283,Prospecting,2026-08-25
D0283,Discovery,2026-09-02
D0283,Demo,2026-09-22
D0284,Prospecting,2025-12-16
D0284,Discovery,2026-01-02
D0284,Closed Lost,2026-01-24
D0285,Prospecting,2025-11-12
D0285,Discovery,2025-11-23
D0285,Demo,2025-12-19
D0285,Closed Lost,2026-01-02
D0286,Prospecting,2026-05-09
D0286,Discovery,2026-05-26
D0286,Demo,2026-06-16
D0286,Proposal,2026-07-06
D0286,Negotiation,2026-08-09
D0286,Closed Won,2026-08-28
D0287,Prospecting,2025-11-13
D0287,Discovery,2025-12-04
D0287,Demo,2025-12-23
D0287,Proposal,2026-01-05
D0287,Negotiation,2026-02-03
D0287,Closed Won,2026-02-19
D0288,Prospecting,2025-10-23
D0288,Discovery,2025-11-10
D0288,Demo,2025-11-21
D0288,Proposal,2025-12-01
D0288,Negotiation,2026-01-05
D0288,Closed Lost,2026-01-26
D0289,Prospecting,2026-03-11
D0289,Discovery,2026-03-21
D0289,Demo,2026-04-14
D0289,Proposal,2026-04-24
D0289,Negotiation,2026-05-24
D0289,Closed Won,2026-06-18
D0290,Prospecting,2025-11-01
D0290,Closed Lost,2025-11-21
D0291,Prospecting,2026-04-14
D0291,Discovery,2026-05-01
D0291,Demo,2026-05-18
D0291,Closed Lost,2026-06-10
D0292,Prospecting,2026-07-05
D0292,Discovery,2026-07-23
D0292,Closed Lost,2026-08-18
D0293,Prospecting,2026-03-12
D0293,Closed Lost,2026-03-24
D0294,Prospecting,2026-01-03
D0294,Discovery,2026-01-19
D0294,Demo,2026-02-05
D0294,Proposal,2026-02-22
D0294,Negotiation,2026-03-19
D0294,Closed Won,2026-04-13
D0295,Prospecting,2026-05-31
D0295,Closed Lost,2026-06-19
D0296,Prospecting,2026-08-12
D0296,Discovery,2026-08-22
D0296,Demo,2026-09-02
D0296,Closed Lost,2026-09-24
D0297,Prospecting,2026-04-21
D0297,Discovery,2026-05-10
D0297,Demo,2026-05-21
D0297,Proposal,2026-06-14
D0297,Closed Lost,2026-07-07
D0298,Prospecting,2026-05-26
D0298,Discovery,2026-06-03
D0298,Closed Lost,2026-07-01
D0299,Prospecting,2026-01-12
D0299,Closed Lost,2026-01-29
D0300,Prospecting,2026-05-19
D0300,Discovery,2026-06-06
D0300,Demo,2026-07-02
D0300,Proposal,2026-07-17
D0300,Negotiation,2026-08-12
D0300,Closed Lost,2026-08-27
D0301,Prospecting,2026-05-03
D0301,Discovery,2026-05-14
D0301,Closed Lost,2026-05-27
D0302,Prospecting,2026-06-12
D0302,Discovery,2026-07-03
D0302,Demo,2026-07-19
D0302,Proposal,2026-08-13
D0302,Negotiation,2026-09-10
D0303,Prospecting,2025-12-15
D0303,Discovery,2025-12-22
D0303,Demo,2026-01-10
D0303,Proposal,2026-01-22
D0303,Closed Lost,2026-02-18
D0304,Prospecting,2026-03-15
D0304,Closed Lost,2026-03-28
D0305,Prospecting,2026-02-18
D0305,Discovery,2026-02-28
D0305,Demo,2026-03-13
D0305,Closed Lost,2026-04-08
D0306,Prospecting,2026-08-11
D0306,Discovery,2026-08-25
D0306,Demo,2026-09-11
D0306,Proposal,2026-09-27
D0307,Prospecting,2026-09-19
D0308,Prospecting,2025-12-29
D0308,Closed Lost,2026-01-12
D0309,Prospecting,2026-04-30
D0309,Discovery,2026-05-16
D0309,Demo,2026-06-05
D0309,Proposal,2026-06-15
D0309,Negotiation,2026-07-20
D0309,Closed Won,2026-08-10
D0310,Prospecting,2026-01-04
D0310,Closed Lost,2026-01-22
D0311,Prospecting,2026-01-30
D0311,Discovery,2026-02-14
D0311,Demo,2026-02-27
D0311,Closed Lost,2026-03-10
D0312,Prospecting,2026-03-08
D0312,Closed Lost,2026-03-28
D0313,Prospecting,2025-10-23
D0313,Closed Lost,2025-11-06
D0314,Prospecting,2026-02-24
D0314,Discovery,2026-03-04
D0314,Demo,2026-03-19
D0314,Closed Lost,2026-03-29
D0315,Prospecting,2025-11-06
D0315,Discovery,2025-11-13
D0315,Closed Lost,2025-12-08
D0316,Prospecting,2026-04-19
D0316,Discovery,2026-05-09
D0316,Demo,2026-06-02
D0316,Proposal,2026-06-21
D0316,Closed Lost,2026-07-11
D0317,Prospecting,2026-09-23
D0318,Prospecting,2026-02-10
D0318,Discovery,2026-02-27
D0318,Demo,2026-03-19
D0318,Proposal,2026-03-29
D0318,Negotiation,2026-04-15
D0318,Closed Won,2026-05-09
D0319,Prospecting,2026-03-04
D0319,Discovery,2026-03-20
D0319,Closed Lost,2026-04-04
D0320,Prospecting,2026-09-05
D0320,Discovery,2026-09-25
D0321,Prospecting,2026-04-13
D0321,Closed Lost,2026-04-23
D0322,Prospecting,2026-01-14
D0322,Discovery,2026-02-04
D0322,Demo,2026-02-27
D0322,Closed Lost,2026-03-20
D0323,Prospecting,2026-04-08
D0323,Closed Lost,2026-04-23
D0324,Prospecting,2026-04-20
D0324,Discovery,2026-05-03
D0324,Demo,2026-05-18
D0324,Proposal,2026-06-03
D0324,Closed Lost,2026-06-28
D0325,Prospecting,2025-12-13
D0325,Discovery,2025-12-22
D0325,Closed Lost,2026-01-14
D0326,Prospecting,2026-01-24
D0326,Discovery,2026-02-13
D0326,Demo,2026-03-11
D0326,Proposal,2026-04-07
D0326,Closed Lost,2026-04-22
D0327,Prospecting,2026-06-04
D0327,Closed Lost,2026-06-19
D0328,Prospecting,2026-08-10
D0328,Discovery,2026-08-24
D0328,Demo,2026-09-18
D0329,Prospecting,2026-08-02
D0329,Discovery,2026-08-09
D0329,Demo,2026-09-06
D0329,Proposal,2026-09-17
D0330,Prospecting,2026-06-16
D0330,Discovery,2026-07-02
D0330,Demo,2026-07-20
D0330,Proposal,2026-08-02
D0330,Closed Lost,2026-09-03
D0331,Prospecting,2026-06-28
D0331,Discovery,2026-07-07
D0331,Closed Lost,2026-07-21
D0332,Prospecting,2026-08-25
D0332,Discovery,2026-09-08
D0332,Demo,2026-09-27
D0333,Prospecting,2025-10-07
D0333,Closed Lost,2025-10-19
D0334,Prospecting,2026-02-14
D0334,Discovery,2026-02-28
D0334,Demo,2026-03-17
D0334,Closed Lost,2026-04-14
D0335,Prospecting,2025-10-07
D0335,Discovery,2025-10-19
D0335,Demo,2025-11-07
D0335,Proposal,2025-11-18
D0335,Negotiation,2025-12-04
D0335,Closed Won,2026-01-02
D0336,Prospecting,2026-08-06
D0336,Discovery,2026-08-22
D0336,Closed Lost,2026-09-06
D0337,Prospecting,2026-09-20
D0337,Closed Lost,2026-09-29
D0338,Prospecting,2026-05-14
D0338,Discovery,2026-05-27
D0338,Demo,2026-06-21
D0338,Closed Lost,2026-07-18
D0339,Prospecting,2025-11-07
D0339,Closed Lost,2025-11-14
D0340,Prospecting,2025-10-02
D0340,Discovery,2025-10-15
D0340,Demo,2025-10-27
D0340,Proposal,2025-11-06
D0340,Negotiation,2025-12-05
D0340,Closed Lost,2026-01-01
D0341,Prospecting,2025-11-11
D0341,Discovery,2025-11-21
D0341,Closed Lost,2025-12-02
D0342,Prospecting,2026-09-18
D0343,Prospecting,2026-05-19
D0343,Closed Lost,2026-05-31
D0344,Prospecting,2025-11-06
D0344,Discovery,2025-11-20
D0344,Demo,2025-12-01
D0344,Proposal,2025-12-15
D0344,Negotiation,2026-01-18
D0344,Closed Won,2026-02-06
D0345,Prospecting,2025-11-02
D0345,Discovery,2025-11-20
D0345,Demo,2025-12-10
D0345,Proposal,2026-01-07
D0345,Closed Lost,2026-01-31
D0346,Prospecting,2025-12-26
D0346,Discovery,2026-01-16
D0346,Demo,2026-01-30
D0346,Closed Lost,2026-02-21
D0347,Prospecting,2025-11-15
D0347,Closed Lost,2025-12-03
D0348,Prospecting,2026-06-25
D0348,Discovery,2026-07-13
D0348,Closed Lost,2026-07-28
D0349,Prospecting,2025-11-30
D0349,Discovery,2025-12-20
D0349,Demo,2026-01-16
D0349,Proposal,2026-02-09
D0349,Negotiation,2026-03-16
D0349,Closed Won,2026-03-27
D0350,Prospecting,2026-02-23
D0350,Discovery,2026-03-16
D0350,Demo,2026-03-27
D0350,Closed Lost,2026-04-07
D0351,Prospecting,2026-05-03
D0351,Discovery,2026-05-22
D0351,Demo,2026-06-08
D0351,Closed Lost,2026-07-01
D0352,Prospecting,2026-04-17
D0352,Closed Lost,2026-04-29
D0353,Prospecting,2026-03-25
D0353,Discovery,2026-04-13
D0353,Demo,2026-04-28
D0353,Closed Lost,2026-05-25
D0354,Prospecting,2026-02-20
D0354,Discovery,2026-03-02
D0354,Demo,2026-03-30
D0354,Closed Lost,2026-04-27
D0355,Prospecting,2026-06-16
D0355,Discovery,2026-07-05
D0355,Demo,2026-07-18
D0355,Proposal,2026-08-04
D0355,Negotiation,2026-08-18
D0355,Closed Lost,2026-09-10
D0356,Prospecting,2026-06-03
D0356,Discovery,2026-06-19
D0356,Closed Lost,2026-06-29
D0357,Prospecting,2026-08-17
D0357,Discovery,2026-08-25
D0357,Demo,2026-09-14
D0358,Prospecting,2026-03-21
D0358,Discovery,2026-04-07
D0358,Demo,2026-04-18
D0358,Proposal,2026-05-09
D0358,Negotiation,2026-05-24
D0358,Closed Won,2026-06-08
D0359,Prospecting,2025-11-28
D0359,Closed Lost,2025-12-18
D0360,Prospecting,2025-11-02
D0360,Discovery,2025-11-22
D0360,Demo,2025-12-19
D0360,Closed Lost,2026-01-15
D0361,Prospecting,2025-11-14
D0361,Discovery,2025-11-22
D0361,Demo,2025-12-10
D0361,Proposal,2025-12-24
D0361,Negotiation,2026-01-13
D0361,Closed Won,2026-02-12
D0362,Prospecting,2025-10-12
D0362,Discovery,2025-10-29
D0362,Demo,2025-11-26
D0362,Proposal,2025-12-16
D0362,Negotiation,2026-01-20
D0362,Closed Won,2026-02-16
D0363,Prospecting,2025-12-15
D0363,Discovery,2026-01-05
D0363,Demo,2026-02-01
D0363,Closed Lost,2026-02-16
D0364,Prospecting,2026-03-12
D0364,Discovery,2026-03-22
D0364,Demo,2026-04-02
D0364,Proposal,2026-04-23
D0364,Negotiation,2026-05-21
D0364,Closed Won,2026-06-05
D0365,Prospecting,2025-12-19
D0365,Discovery,2025-12-31
D0365,Demo,2026-01-19
D0365,Closed Lost,2026-02-07
D0366,Prospecting,2025-12-11
D0366,Closed Lost,2025-12-27
D0367,Prospecting,2026-08-25
D0367,Discovery,2026-09-13
D0367,Demo,2026-09-23
D0368,Prospecting,2026-08-06
D0368,Discovery,2026-08-19
D0368,Demo,2026-09-11
D0369,Prospecting,2026-02-25
D0369,Closed Lost,2026-03-15
D0370,Prospecting,2026-07-30
D0370,Discovery,2026-08-20
D0370,Demo,2026-09-04
D0371,Prospecting,2026-03-05
D0371,Discovery,2026-03-24
D0371,Demo,2026-04-11
D0371,Proposal,2026-05-06
D0371,Closed Lost,2026-06-10
D0372,Prospecting,2026-02-19
D0372,Discovery,2026-03-03
D0372,Demo,2026-03-31
D0372,Proposal,2026-04-18
D0372,Closed Lost,2026-05-17
D0373,Prospecting,2026-05-25
D0373,Discovery,2026-06-05
D0373,Demo,2026-06-26
D0373,Proposal,2026-07-15
D0373,Negotiation,2026-07-31
D0373,Closed Won,2026-08-30
D0374,Prospecting,2026-09-16
D0374,Closed Lost,2026-09-28
D0375,Prospecting,2025-11-22
D0375,Closed Lost,2025-12-11
D0376,Prospecting,2025-12-07
D0376,Discovery,2025-12-19
D0376,Closed Lost,2026-01-12
D0377,Prospecting,2025-11-30
D0377,Discovery,2025-12-10
D0377,Demo,2025-12-26
D0377,Proposal,2026-01-07
D0377,Negotiation,2026-01-24
D0377,Closed Lost,2026-02-18
D0378,Prospecting,2026-09-07
D0378,Discovery,2026-09-23
D0379,Prospecting,2026-07-24
D0379,Discovery,2026-08-11
D0379,Demo,2026-09-06
D0379,Closed Lost,2026-09-19
D0380,Prospecting,2025-10-03
D0380,Closed Lost,2025-10-18
D0381,Prospecting,2026-01-18
D0381,Discovery,2026-01-30
D0381,Demo,2026-02-12
D0381,Closed Lost,2026-03-09
D0382,Prospecting,2026-06-10
D0382,Discovery,2026-06-21
D0382,Demo,2026-07-15
D0382,Proposal,2026-08-07
D0382,Negotiation,2026-09-03
D0382,Closed Won,2026-09-15
D0383,Prospecting,2026-09-10
D0383,Discovery,2026-09-18
D0384,Prospecting,2026-01-10
D0384,Discovery,2026-01-18
D0384,Demo,2026-02-10
D0384,Proposal,2026-02-28
D0384,Negotiation,2026-04-01
D0384,Closed Lost,2026-05-01
D0385,Prospecting,2026-02-06
D0385,Discovery,2026-02-13
D0385,Closed Lost,2026-02-24
D0386,Prospecting,2026-06-10
D0386,Discovery,2026-06-24
D0386,Demo,2026-07-21
D0386,Proposal,2026-08-17
D0386,Closed Lost,2026-09-01
D0387,Prospecting,2025-12-24
D0387,Discovery,2026-01-07
D0387,Demo,2026-02-04
D0387,Proposal,2026-03-03
D0387,Negotiation,2026-04-04
D0387,Closed Lost,2026-05-01
D0388,Prospecting,2025-11-01
D0388,Discovery,2025-11-13
D0388,Demo,2025-12-11
D0388,Proposal,2025-12-31
D0388,Negotiation,2026-01-27
D0388,Closed Won,2026-02-17
D0389,Prospecting,2025-11-28
D0389,Discovery,2025-12-12
D0389,Demo,2026-01-04
D0389,Proposal,2026-01-27
D0389,Negotiation,2026-02-25
D0389,Closed Won,2026-03-17
D0390,Prospecting,2026-09-07
D0390,Discovery,2026-09-20
D0391,Prospecting,2025-11-17
D0391,Discovery,2025-11-28
D0391,Demo,2025-12-24
D0391,Proposal,2026-01-09
D0391,Negotiation,2026-01-25
D0391,Closed Won,2026-02-13
D0392,Prospecting,2026-08-16
D0392,Discovery,2026-09-06
D0393,Prospecting,2026-07-17
D0393,Discovery,2026-07-31
D0393,Closed Lost,2026-08-14
D0394,Prospecting,2026-04-30
D0394,Discovery,2026-05-17
D0394,Demo,2026-06-08
D0394,Proposal,2026-06-22
D0394,Closed Lost,2026-07-13
D0395,Prospecting,2025-10-15
D0395,Discovery,2025-10-24
D0395,Closed Lost,2025-11-04
D0396,Prospecting,2026-04-05
D0396,Discovery,2026-04-25
D0396,Demo,2026-05-09
D0396,Closed Lost,2026-06-06
D0397,Prospecting,2026-03-18
D0397,Discovery,2026-04-05
D0397,Demo,2026-04-28
D0397,Proposal,2026-05-11
D0397,Negotiation,2026-06-02
D0397,Closed Lost,2026-06-20
D0398,Prospecting,2026-07-07
D0398,Discovery,2026-07-28
D0398,Demo,2026-08-11
D0398,Closed Lost,2026-09-01
D0399,Prospecting,2026-03-08
D0399,Discovery,2026-03-25
D0399,Closed Lost,2026-04-11
D0400,Prospecting,2026-01-16
D0400,Closed Lost,2026-01-28
