touch_id,deal_id,channel,touch_date
T00001,D0001,Cold Email,2026-07-10
T00002,D0001,Inbound Website,2026-07-17
T00003,D0001,Webinar,2026-07-20
T00004,D0001,LinkedIn,2026-08-12
T00005,D0001,Webinar,2026-08-23
T00006,D0002,Webinar,2026-07-07
T00007,D0003,Webinar,2026-03-24
T00008,D0004,Cold Email,2026-08-12
T00009,D0004,LinkedIn,2026-08-13
T00010,D0005,Referral,2026-07-12
T00011,D0005,Inbound Website,2026-07-27
T00012,D0005,LinkedIn,2026-07-31
T00013,D0006,Cold Email,2026-09-03
T00014,D0007,Referral,2026-06-16
T00015,D0007,Webinar,2026-07-04
T00016,D0007,Cold Email,2026-07-10
T00017,D0008,Cold Email,2025-09-28
T00018,D0008,LinkedIn,2025-10-07
T00019,D0008,Webinar,2025-10-18
T00020,D0009,Cold Email,2025-08-15
T00021,D0009,LinkedIn,2025-08-25
T00022,D0009,Inbound Website,2025-09-09
T00023,D0009,Inbound Website,2025-09-20
T00024,D0009,Cold Email,2025-09-23
T00025,D0010,Inbound Website,2026-06-08
T00026,D0010,Cold Email,2026-06-28
T00027,D0011,Inbound Website,2025-10-02
T00028,D0011,Referral,2025-10-03
T00029,D0011,Webinar,2025-10-19
T00030,D0012,Cold Email,2026-05-11
T00031,D0012,Inbound Website,2026-05-22
T00032,D0012,LinkedIn,2026-06-09
T00033,D0013,LinkedIn,2026-05-26
T00034,D0013,LinkedIn,2026-05-30
T00035,D0013,LinkedIn,2026-07-14
T00036,D0014,Cold Email,2025-12-06
T00037,D0014,Webinar,2025-12-11
T00038,D0015,Cold Email,2025-12-04
T00039,D0015,Referral,2025-12-07
T00040,D0015,LinkedIn,2025-12-18
T00041,D0015,Cold Email,2026-01-06
T00042,D0015,Inbound Website,2026-01-09
T00043,D0016,Cold Email,2026-05-27
T00044,D0016,Cold Email,2026-05-28
T00045,D0016,Webinar,2026-05-29
T00046,D0016,Inbound Website,2026-06-20
T00047,D0016,Inbound Website,2026-07-03
T00048,D0017,Referral,2026-04-27
T00049,D0017,Cold Email,2026-04-30
T00050,D0017,LinkedIn,2026-06-03
T00051,D0017,Referral,2026-06-09
T00052,D0017,Referral,2026-06-17
T00053,D0018,Cold Email,2025-11-05
T00054,D0018,Referral,2025-11-07
T00055,D0018,Inbound Website,2025-11-29
T00056,D0018,Webinar,2025-12-07
T00057,D0018,Referral,2025-12-07
T00058,D0019,Cold Email,2025-09-04
T00059,D0019,LinkedIn,2025-09-20
T00060,D0019,Webinar,2025-09-22
T00061,D0019,LinkedIn,2025-10-04
T00062,D0019,Cold Email,2025-10-25
T00063,D0020,Inbound Website,2026-01-10
T00064,D0020,Webinar,2026-01-17
T00065,D0020,Inbound Website,2026-01-31
T00066,D0021,Cold Email,2025-10-25
T00067,D0021,LinkedIn,2025-10-29
T00068,D0021,Referral,2025-11-02
T00069,D0021,LinkedIn,2025-11-07
T00070,D0022,Inbound Website,2026-09-11
T00071,D0022,LinkedIn,2026-09-24
T00072,D0023,Inbound Website,2026-03-04
T00073,D0023,Webinar,2026-03-08
T00074,D0023,Inbound Website,2026-04-03
T00075,D0024,Cold Email,2026-04-20
T00076,D0025,Referral,2026-08-02
T00077,D0025,Webinar,2026-08-25
T00078,D0025,Webinar,2026-08-29
T00079,D0026,LinkedIn,2026-07-31
T00080,D0026,Inbound Website,2026-08-15
T00081,D0026,Webinar,2026-08-15
T00082,D0026,LinkedIn,2026-08-30
T00083,D0027,Referral,2026-09-01
T00084,D0028,Webinar,2025-12-14
T00085,D0028,Inbound Website,2025-12-21
T00086,D0029,Webinar,2026-04-03
T00087,D0029,Referral,2026-04-08
T00088,D0029,Inbound Website,2026-05-10
T00089,D0029,Webinar,2026-05-11
T00090,D0030,Webinar,2026-07-03
T00091,D0030,Cold Email,2026-07-04
T00092,D0030,Webinar,2026-08-04
T00093,D0030,Webinar,2026-08-08
T00094,D0031,Cold Email,2026-01-30
T00095,D0031,Webinar,2026-02-23
T00096,D0031,Inbound Website,2026-02-28
T00097,D0032,LinkedIn,2026-05-26
T00098,D0032,Cold Email,2026-05-31
T00099,D0032,Webinar,2026-06-01
T00100,D0032,LinkedIn,2026-07-06
T00101,D0033,Cold Email,2026-04-07
T00102,D0034,Cold Email,2025-08-28
T00103,D0034,LinkedIn,2025-08-30
T00104,D0034,Referral,2025-09-01
T00105,D0034,Cold Email,2025-09-08
T00106,D0034,Inbound Website,2025-10-09
T00107,D0035,Inbound Website,2025-09-02
T00108,D0035,Referral,2025-09-10
T00109,D0035,Cold Email,2025-09-17
T00110,D0036,LinkedIn,2026-04-24
T00111,D0036,Cold Email,2026-04-25
T00112,D0036,Referral,2026-05-28
T00113,D0036,Webinar,2026-05-31
T00114,D0036,LinkedIn,2026-06-02
T00115,D0037,Cold Email,2026-03-31
T00116,D0037,Inbound Website,2026-05-05
T00117,D0037,Referral,2026-05-09
T00118,D0038,Cold Email,2026-05-23
T00119,D0038,LinkedIn,2026-06-24
T00120,D0038,Webinar,2026-07-07
T00121,D0038,LinkedIn,2026-07-11
T00122,D0039,LinkedIn,2026-01-17
T00123,D0039,Inbound Website,2026-01-19
T00124,D0039,Inbound Website,2026-01-28
T00125,D0039,Referral,2026-02-17
T00126,D0040,LinkedIn,2025-09-27
T00127,D0040,Referral,2025-10-16
T00128,D0040,Webinar,2025-11-15
T00129,D0040,Webinar,2025-11-21
T00130,D0041,Cold Email,2026-03-25
T00131,D0041,Inbound Website,2026-03-27
T00132,D0041,LinkedIn,2026-04-06
T00133,D0041,Inbound Website,2026-04-06
T00134,D0041,Webinar,2026-04-18
T00135,D0042,LinkedIn,2026-05-04
T00136,D0042,Inbound Website,2026-05-08
T00137,D0043,Referral,2025-09-11
T00138,D0043,LinkedIn,2025-09-28
T00139,D0043,Cold Email,2025-10-22
T00140,D0043,Cold Email,2025-10-25
T00141,D0043,LinkedIn,2025-10-30
T00142,D0044,Inbound Website,2026-03-02
T00143,D0045,LinkedIn,2025-12-24
T00144,D0045,Webinar,2025-12-27
T00145,D0046,Referral,2025-12-28
T00146,D0046,LinkedIn,2026-01-09
T00147,D0046,Referral,2026-02-14
T00148,D0047,Inbound Website,2026-03-27
T00149,D0047,Inbound Website,2026-04-06
T00150,D0047,Webinar,2026-04-17
T00151,D0047,Webinar,2026-04-26
T00152,D0048,Inbound Website,2025-09-22
T00153,D0048,Cold Email,2025-10-08
T00154,D0049,Webinar,2026-05-13
T00155,D0049,Inbound Website,2026-06-02
T00156,D0049,LinkedIn,2026-06-16
T00157,D0049,Cold Email,2026-06-28
T00158,D0049,Referral,2026-07-01
T00159,D0050,Cold Email,2026-03-14
T00160,D0050,Inbound Website,2026-03-27
T00161,D0050,Webinar,2026-04-01
T00162,D0050,Webinar,2026-04-09
T00163,D0050,Referral,2026-04-10
T00164,D0051,LinkedIn,2025-11-11
T00165,D0052,Cold Email,2026-03-19
T00166,D0052,Webinar,2026-03-30
T00167,D0052,Inbound Website,2026-04-04
T00168,D0053,Referral,2025-09-21
T00169,D0054,Cold Email,2025-10-28
T00170,D0054,Webinar,2025-11-18
T00171,D0054,Referral,2025-12-11
T00172,D0054,Webinar,2025-12-16
T00173,D0055,LinkedIn,2025-12-16
T00174,D0055,Webinar,2026-01-15
T00175,D0055,Cold Email,2026-01-20
T00176,D0055,LinkedIn,2026-01-27
T00177,D0056,Inbound Website,2026-02-22
T00178,D0056,Inbound Website,2026-02-24
T00179,D0056,Referral,2026-03-31
T00180,D0057,Referral,2026-01-09
T00181,D0057,Inbound Website,2026-01-13
T00182,D0058,Webinar,2026-03-08
T00183,D0059,Inbound Website,2025-10-23
T00184,D0060,Webinar,2026-05-23
T00185,D0061,LinkedIn,2026-04-09
T00186,D0061,Webinar,2026-04-10
T00187,D0061,Cold Email,2026-04-19
T00188,D0061,Webinar,2026-04-30
T00189,D0061,Inbound Website,2026-05-17
T00190,D0062,Referral,2026-02-26
T00191,D0062,Webinar,2026-04-15
T00192,D0062,Cold Email,2026-04-20
T00193,D0063,Inbound Website,2026-07-12
T00194,D0063,LinkedIn,2026-07-15
T00195,D0063,Inbound Website,2026-08-15
T00196,D0063,Cold Email,2026-08-22
T00197,D0063,Referral,2026-08-23
T00198,D0064,Webinar,2025-10-28
T00199,D0064,Webinar,2025-12-06
T00200,D0064,Inbound Website,2025-12-11
T00201,D0065,Webinar,2025-10-14
T00202,D0065,Webinar,2025-10-16
T00203,D0065,Cold Email,2025-10-28
T00204,D0065,Cold Email,2025-11-22
T00205,D0066,Cold Email,2026-02-16
T00206,D0066,Webinar,2026-02-21
T00207,D0067,LinkedIn,2026-03-12
T00208,D0067,Webinar,2026-03-19
T00209,D0067,Referral,2026-03-19
T00210,D0067,Webinar,2026-04-02
T00211,D0067,Cold Email,2026-04-16
T00212,D0068,LinkedIn,2025-12-28
T00213,D0068,Cold Email,2026-01-03
T00214,D0068,LinkedIn,2026-01-12
T00215,D0068,Referral,2026-01-14
T00216,D0068,Referral,2026-02-08
T00217,D0069,Cold Email,2026-02-22
T00218,D0069,Referral,2026-02-25
T00219,D0069,Referral,2026-03-02
T00220,D0069,Referral,2026-03-13
T00221,D0070,Cold Email,2026-06-21
T00222,D0070,Inbound Website,2026-06-30
T00223,D0070,Webinar,2026-07-11
T00224,D0071,LinkedIn,2026-06-27
T00225,D0072,LinkedIn,2026-05-16
T00226,D0073,Cold Email,2025-09-25
T00227,D0074,LinkedIn,2026-05-03
T00228,D0074,Referral,2026-05-06
T00229,D0075,Webinar,2025-12-13
T00230,D0075,Webinar,2026-01-06
T00231,D0076,LinkedIn,2026-03-18
T00232,D0076,LinkedIn,2026-03-25
T00233,D0076,Referral,2026-04-04
T00234,D0076,Inbound Website,2026-04-09
T00235,D0077,LinkedIn,2026-05-17
T00236,D0078,Referral,2026-03-20
T00237,D0078,Inbound Website,2026-03-28
T00238,D0078,LinkedIn,2026-04-27
T00239,D0079,Inbound Website,2026-02-07
T00240,D0079,Referral,2026-02-13
T00241,D0079,LinkedIn,2026-02-24
T00242,D0080,Inbound Website,2026-07-11
T00243,D0080,Referral,2026-08-27
T00244,D0081,Cold Email,2026-04-29
T00245,D0081,LinkedIn,2026-05-13
T00246,D0081,Inbound Website,2026-05-27
T00247,D0081,LinkedIn,2026-05-28
T00248,D0081,Webinar,2026-05-29
T00249,D0082,Cold Email,2025-09-04
T00250,D0082,Inbound Website,2025-09-04
T00251,D0082,Inbound Website,2025-09-29
T00252,D0082,Webinar,2025-10-05
T00253,D0083,Cold Email,2025-11-04
T00254,D0083,Referral,2025-12-12
T00255,D0083,Webinar,2025-12-17
T00256,D0084,Inbound Website,2026-05-27
T00257,D0084,Referral,2026-06-15
T00258,D0085,Webinar,2025-11-27
T00259,D0085,Cold Email,2025-12-15
T00260,D0085,Referral,2026-01-18
T00261,D0085,LinkedIn,2026-01-23
T00262,D0086,LinkedIn,2025-11-06
T00263,D0086,LinkedIn,2025-11-10
T00264,D0086,LinkedIn,2025-11-12
T00265,D0086,Referral,2025-11-14
T00266,D0086,Webinar,2025-12-15
T00267,D0087,LinkedIn,2025-08-22
T00268,D0088,Cold Email,2026-03-26
T00269,D0088,Inbound Website,2026-04-15
T00270,D0089,Webinar,2026-03-05
T00271,D0089,LinkedIn,2026-03-11
T00272,D0089,Cold Email,2026-03-21
T00273,D0089,Referral,2026-03-21
T00274,D0090,LinkedIn,2026-01-11
T00275,D0090,Webinar,2026-01-20
T00276,D0090,Referral,2026-02-08
T00277,D0090,LinkedIn,2026-02-11
T00278,D0091,Webinar,2026-04-29
T00279,D0091,Referral,2026-05-15
T00280,D0092,LinkedIn,2026-05-02
T00281,D0093,LinkedIn,2026-07-17
T00282,D0093,LinkedIn,2026-08-02
T00283,D0093,Cold Email,2026-08-04
T00284,D0093,Cold Email,2026-08-07
T00285,D0093,LinkedIn,2026-08-10
T00286,D0094,Cold Email,2026-05-16
T00287,D0095,Cold Email,2025-11-01
T00288,D0095,LinkedIn,2025-11-04
T00289,D0095,LinkedIn,2025-11-24
T00290,D0095,Referral,2025-12-09
T00291,D0095,Inbound Website,2025-12-10
T00292,D0096,Cold Email,2025-12-02
T00293,D0096,Referral,2025-12-18
T00294,D0096,Cold Email,2026-01-15
T00295,D0096,Webinar,2026-01-19
T00296,D0097,Inbound Website,2026-03-29
T00297,D0097,LinkedIn,2026-05-07
T00298,D0098,Cold Email,2026-01-31
T00299,D0098,Cold Email,2026-02-03
T00300,D0098,Inbound Website,2026-03-22
T00301,D0098,Referral,2026-03-25
T00302,D0098,LinkedIn,2026-03-26
T00303,D0099,LinkedIn,2026-06-12
T00304,D0099,LinkedIn,2026-06-21
T00305,D0099,Referral,2026-06-29
T00306,D0099,Referral,2026-07-07
T00307,D0100,LinkedIn,2026-01-26
T00308,D0100,Referral,2026-02-08
T00309,D0100,LinkedIn,2026-02-18
T00310,D0101,LinkedIn,2025-11-20
T00311,D0101,Inbound Website,2025-11-29
T00312,D0101,Webinar,2025-12-03
T00313,D0101,Referral,2025-12-18
T00314,D0101,Inbound Website,2025-12-18
T00315,D0102,Inbound Website,2025-08-23
T00316,D0102,Webinar,2025-08-27
T00317,D0102,Referral,2025-09-27
T00318,D0102,Referral,2025-09-28
T00319,D0102,Inbound Website,2025-09-29
T00320,D0103,LinkedIn,2026-02-06
T00321,D0103,LinkedIn,2026-02-26
T00322,D0103,Webinar,2026-03-17
T00323,D0104,Cold Email,2026-06-30
T00324,D0104,Inbound Website,2026-07-17
T00325,D0104,Referral,2026-08-05
T00326,D0105,Cold Email,2026-08-03
T00327,D0105,Inbound Website,2026-08-09
T00328,D0105,Webinar,2026-08-16
T00329,D0105,LinkedIn,2026-08-19
T00330,D0105,LinkedIn,2026-09-08
T00331,D0106,Cold Email,2025-09-05
T00332,D0106,Inbound Website,2025-09-12
T00333,D0106,Webinar,2025-09-17
T00334,D0106,Referral,2025-09-27
T00335,D0106,LinkedIn,2025-10-04
T00336,D0107,LinkedIn,2026-05-07
T00337,D0107,Inbound Website,2026-05-09
T00338,D0108,Cold Email,2026-01-16
T00339,D0108,Cold Email,2026-02-12
T00340,D0108,Referral,2026-02-28
T00341,D0109,Cold Email,2026-04-03
T00342,D0109,Inbound Website,2026-05-12
T00343,D0110,LinkedIn,2025-12-07
T00344,D0110,Referral,2025-12-14
T00345,D0110,Referral,2026-01-06
T00346,D0110,Cold Email,2026-01-12
T00347,D0111,Webinar,2025-09-17
T00348,D0111,Referral,2025-09-26
T00349,D0111,Cold Email,2025-10-15
T00350,D0111,Cold Email,2025-11-04
T00351,D0112,Inbound Website,2026-01-15
T00352,D0112,Referral,2026-02-01
T00353,D0112,LinkedIn,2026-02-20
T00354,D0113,LinkedIn,2025-09-27
T00355,D0114,Cold Email,2025-10-30
T00356,D0114,Cold Email,2025-12-08
T00357,D0115,LinkedIn,2026-04-18
T00358,D0115,LinkedIn,2026-05-04
T00359,D0115,LinkedIn,2026-05-13
T00360,D0116,Referral,2026-04-10
T00361,D0117,LinkedIn,2026-06-02
T00362,D0117,Webinar,2026-06-03
T00363,D0117,Referral,2026-06-09
T00364,D0117,Cold Email,2026-06-12
T00365,D0117,Webinar,2026-07-05
T00366,D0118,LinkedIn,2025-12-21
T00367,D0118,Webinar,2025-12-21
T00368,D0118,Referral,2026-01-28
T00369,D0118,Webinar,2026-01-31
T00370,D0119,LinkedIn,2026-05-07
T00371,D0120,Inbound Website,2026-06-04
T00372,D0120,Referral,2026-06-18
T00373,D0121,Webinar,2025-11-15
T00374,D0121,Cold Email,2025-11-21
T00375,D0121,LinkedIn,2025-12-05
T00376,D0121,Inbound Website,2025-12-06
T00377,D0122,LinkedIn,2025-12-28
T00378,D0122,Inbound Website,2026-01-22
T00379,D0122,LinkedIn,2026-02-23
T00380,D0123,Cold Email,2026-07-22
T00381,D0123,LinkedIn,2026-07-24
T00382,D0123,Inbound Website,2026-07-29
T00383,D0123,Webinar,2026-08-08
T00384,D0124,Webinar,2025-12-29
T00385,D0125,Referral,2025-11-20
T00386,D0125,Webinar,2025-12-30
T00387,D0126,LinkedIn,2025-12-06
T00388,D0126,Referral,2026-01-10
T00389,D0126,Webinar,2026-01-20
T00390,D0127,Cold Email,2025-09-02
T00391,D0127,Webinar,2025-09-06
T00392,D0127,Webinar,2025-09-23
T00393,D0128,Cold Email,2025-11-30
T00394,D0129,Webinar,2025-11-08
T00395,D0130,Inbound Website,2026-08-02
T00396,D0130,Webinar,2026-08-21
T00397,D0130,Cold Email,2026-09-01
T00398,D0130,Referral,2026-09-06
T00399,D0130,Webinar,2026-09-07
T00400,D0131,Cold Email,2026-04-19
T00401,D0131,Cold Email,2026-04-24
T00402,D0131,LinkedIn,2026-04-30
T00403,D0131,Cold Email,2026-05-21
T00404,D0132,Cold Email,2026-04-15
T00405,D0132,Referral,2026-05-14
T00406,D0132,Inbound Website,2026-05-27
T00407,D0132,Inbound Website,2026-06-09
T00408,D0132,Cold Email,2026-06-11
T00409,D0133,Inbound Website,2025-11-04
T00410,D0133,Inbound Website,2025-11-07
T00411,D0133,Referral,2025-11-08
T00412,D0133,Webinar,2025-11-18
T00413,D0133,LinkedIn,2025-12-07
T00414,D0134,Inbound Website,2026-07-30
T00415,D0134,LinkedIn,2026-08-18
T00416,D0134,Referral,2026-08-21
T00417,D0135,Referral,2026-07-06
T00418,D0136,Webinar,2025-08-15
T00419,D0136,Cold Email,2025-09-07
T00420,D0136,Inbound Website,2025-09-09
T00421,D0137,LinkedIn,2025-12-25
T00422,D0137,Referral,2026-01-04
T00423,D0137,Cold Email,2026-01-21
T00424,D0137,Webinar,2026-01-25
T00425,D0137,Referral,2026-01-27
T00426,D0138,LinkedIn,2026-06-15
T00427,D0138,LinkedIn,2026-07-01
T00428,D0138,Webinar,2026-07-15
T00429,D0138,Referral,2026-07-25
T00430,D0138,Referral,2026-08-02
T00431,D0139,Webinar,2026-08-09
T00432,D0139,Inbound Website,2026-08-15
T00433,D0139,Cold Email,2026-08-18
T00434,D0139,Webinar,2026-09-09
T00435,D0139,LinkedIn,2026-09-10
T00436,D0140,Cold Email,2026-04-01
T00437,D0140,LinkedIn,2026-04-27
T00438,D0141,Inbound Website,2026-03-25
T00439,D0141,Cold Email,2026-03-27
T00440,D0142,LinkedIn,2026-05-28
T00441,D0142,Inbound Website,2026-06-03
T00442,D0142,LinkedIn,2026-06-09
T00443,D0142,Referral,2026-06-17
T00444,D0143,Inbound Website,2025-08-23
T00445,D0143,Cold Email,2025-08-29
T00446,D0143,Cold Email,2025-10-11
T00447,D0144,Cold Email,2026-01-28
T00448,D0144,Webinar,2026-02-16
T00449,D0144,Cold Email,2026-02-25
T00450,D0144,LinkedIn,2026-02-26
T00451,D0144,LinkedIn,2026-03-13
T00452,D0145,Cold Email,2026-01-22
T00453,D0145,Referral,2026-02-13
T00454,D0146,Referral,2026-07-19
T00455,D0146,Referral,2026-07-20
T00456,D0146,Inbound Website,2026-07-26
T00457,D0146,Inbound Website,2026-07-28
T00458,D0146,Cold Email,2026-08-29
T00459,D0147,Cold Email,2026-08-01
T00460,D0147,Inbound Website,2026-08-10
T00461,D0147,LinkedIn,2026-08-14
T00462,D0147,Inbound Website,2026-08-17
T00463,D0147,LinkedIn,2026-08-30
T00464,D0148,Webinar,2026-04-26
T00465,D0148,Webinar,2026-04-28
T00466,D0148,Webinar,2026-05-07
T00467,D0148,Webinar,2026-05-08
T00468,D0148,Webinar,2026-05-13
T00469,D0149,Webinar,2025-11-03
T00470,D0149,Referral,2025-11-06
T00471,D0149,Inbound Website,2025-11-21
T00472,D0149,Cold Email,2025-12-08
T00473,D0149,Webinar,2025-12-18
T00474,D0150,Webinar,2026-06-09
T00475,D0151,Webinar,2025-10-23
T00476,D0151,Referral,2025-10-27
T00477,D0151,Referral,2025-11-10
T00478,D0151,Inbound Website,2025-11-13
T00479,D0151,Referral,2025-11-20
T00480,D0152,Cold Email,2026-06-06
T00481,D0152,Referral,2026-06-12
T00482,D0153,LinkedIn,2025-12-11
T00483,D0153,Cold Email,2025-12-12
T00484,D0153,Webinar,2025-12-17
T00485,D0153,Referral,2025-12-20
T00486,D0153,Cold Email,2026-02-04
T00487,D0154,Webinar,2026-05-03
T00488,D0154,LinkedIn,2026-05-08
T00489,D0154,Webinar,2026-06-24
T00490,D0154,Webinar,2026-06-30
T00491,D0155,Inbound Website,2025-08-14
T00492,D0155,LinkedIn,2025-08-16
T00493,D0155,Webinar,2025-08-18
T00494,D0156,Cold Email,2026-08-02
T00495,D0156,LinkedIn,2026-08-28
T00496,D0157,Cold Email,2026-03-13
T00497,D0158,LinkedIn,2026-07-08
T00498,D0159,Inbound Website,2025-10-26
T00499,D0159,Inbound Website,2025-10-31
T00500,D0160,Cold Email,2025-11-26
T00501,D0160,Inbound Website,2025-12-05
T00502,D0161,Inbound Website,2025-09-18
T00503,D0161,Cold Email,2025-09-30
T00504,D0161,Cold Email,2025-11-02
T00505,D0161,Referral,2025-11-05
T00506,D0162,Webinar,2025-11-22
T00507,D0162,Referral,2025-11-29
T00508,D0162,Webinar,2025-12-16
T00509,D0162,Inbound Website,2026-01-06
T00510,D0162,Cold Email,2026-01-10
T00511,D0163,Webinar,2026-02-26
T00512,D0164,Webinar,2026-04-28
T00513,D0164,Cold Email,2026-05-03
T00514,D0164,Webinar,2026-05-07
T00515,D0164,Webinar,2026-05-27
T00516,D0164,Inbound Website,2026-06-08
T00517,D0165,Cold Email,2026-02-08
T00518,D0166,LinkedIn,2025-08-17
T00519,D0166,Inbound Website,2025-09-23
T00520,D0167,LinkedIn,2025-09-05
T00521,D0167,Inbound Website,2025-09-05
T00522,D0167,LinkedIn,2025-09-08
T00523,D0167,LinkedIn,2025-09-23
T00524,D0167,Cold Email,2025-10-12
T00525,D0168,Referral,2026-03-01
T00526,D0168,LinkedIn,2026-04-23
T00527,D0168,Inbound Website,2026-04-26
T00528,D0169,Inbound Website,2026-04-02
T00529,D0169,Cold Email,2026-04-13
T00530,D0169,LinkedIn,2026-04-16
T00531,D0170,Cold Email,2025-10-16
T00532,D0170,LinkedIn,2025-10-17
T00533,D0170,Cold Email,2025-11-19
T00534,D0170,LinkedIn,2025-11-26
T00535,D0170,Referral,2025-12-07
T00536,D0171,Cold Email,2026-03-01
T00537,D0172,Webinar,2025-10-15
T00538,D0172,Referral,2025-10-21
T00539,D0172,Cold Email,2025-12-03
T00540,D0172,Cold Email,2025-12-06
T00541,D0173,LinkedIn,2026-04-16
T00542,D0174,LinkedIn,2026-06-25
T00543,D0174,Referral,2026-06-25
T00544,D0174,Webinar,2026-06-30
T00545,D0174,Inbound Website,2026-07-21
T00546,D0174,Webinar,2026-08-13
T00547,D0175,LinkedIn,2026-02-02
T00548,D0175,Cold Email,2026-02-04
T00549,D0175,LinkedIn,2026-02-20
T00550,D0176,LinkedIn,2026-05-25
T00551,D0176,Referral,2026-06-15
T00552,D0176,Inbound Website,2026-07-21
T00553,D0177,Webinar,2026-07-11
T00554,D0178,LinkedIn,2025-10-20
T00555,D0179,Cold Email,2026-07-07
T00556,D0179,LinkedIn,2026-07-08
T00557,D0179,Webinar,2026-07-09
T00558,D0179,Webinar,2026-07-20
T00559,D0179,Referral,2026-07-22
T00560,D0180,Inbound Website,2025-11-21
T00561,D0180,Inbound Website,2025-12-09
T00562,D0181,LinkedIn,2025-12-09
T00563,D0181,Cold Email,2026-01-07
T00564,D0181,Referral,2026-01-09
T00565,D0182,Cold Email,2025-12-18
T00566,D0183,Webinar,2026-04-04
T00567,D0183,Referral,2026-05-28
T00568,D0183,LinkedIn,2026-05-30
T00569,D0184,Inbound Website,2026-03-21
T00570,D0185,LinkedIn,2025-11-23
T00571,D0185,Inbound Website,2025-12-03
T00572,D0185,Webinar,2025-12-27
T00573,D0185,LinkedIn,2026-01-09
T00574,D0186,Cold Email,2025-10-22
T00575,D0186,Referral,2025-11-17
T00576,D0187,Cold Email,2026-03-23
T00577,D0187,Webinar,2026-04-10
T00578,D0187,Inbound Website,2026-04-11
T00579,D0187,LinkedIn,2026-04-18
T00580,D0188,Inbound Website,2026-04-19
T00581,D0188,LinkedIn,2026-05-05
T00582,D0188,Inbound Website,2026-05-20
T00583,D0188,Referral,2026-05-27
T00584,D0189,Cold Email,2026-02-05
T00585,D0189,Inbound Website,2026-03-04
T00586,D0190,Inbound Website,2026-06-18
T00587,D0190,LinkedIn,2026-06-20
T00588,D0190,Referral,2026-06-26
T00589,D0190,Webinar,2026-07-24
T00590,D0191,LinkedIn,2025-10-17
T00591,D0191,Referral,2025-11-20
T00592,D0191,Referral,2025-12-12
T00593,D0192,Referral,2026-01-22
T00594,D0192,Inbound Website,2026-02-11
T00595,D0192,Cold Email,2026-02-20
T00596,D0193,LinkedIn,2025-11-12
T00597,D0193,Inbound Website,2025-11-17
T00598,D0193,Cold Email,2025-12-03
T00599,D0193,LinkedIn,2025-12-11
T00600,D0193,LinkedIn,2025-12-28
T00601,D0194,LinkedIn,2025-11-17
T00602,D0194,Webinar,2025-12-04
T00603,D0194,Inbound Website,2025-12-14
T00604,D0194,Inbound Website,2025-12-31
T00605,D0195,Cold Email,2026-02-16
T00606,D0195,Webinar,2026-03-12
T00607,D0196,Webinar,2026-05-22
T00608,D0196,Webinar,2026-06-04
T00609,D0196,Referral,2026-06-07
T00610,D0197,LinkedIn,2026-08-03
T00611,D0197,Referral,2026-08-22
T00612,D0197,Referral,2026-08-26
T00613,D0197,Referral,2026-09-08
T00614,D0198,Cold Email,2026-07-17
T00615,D0198,Webinar,2026-08-31
T00616,D0199,LinkedIn,2026-01-06
T00617,D0199,LinkedIn,2026-01-28
T00618,D0199,Inbound Website,2026-02-10
T00619,D0200,Webinar,2025-11-07
T00620,D0200,Referral,2025-11-15
T00621,D0201,Cold Email,2026-03-10
T00622,D0201,LinkedIn,2026-03-11
T00623,D0201,LinkedIn,2026-04-25
T00624,D0201,Referral,2026-05-01
T00625,D0202,Inbound Website,2026-03-09
T00626,D0202,LinkedIn,2026-03-10
T00627,D0202,Inbound Website,2026-03-11
T00628,D0202,Webinar,2026-04-23
T00629,D0203,LinkedIn,2026-07-08
T00630,D0203,Referral,2026-08-07
T00631,D0204,LinkedIn,2026-01-20
T00632,D0204,Webinar,2026-02-25
T00633,D0204,Cold Email,2026-02-27
T00634,D0205,Cold Email,2026-01-22
T00635,D0206,Cold Email,2026-08-08
T00636,D0207,Cold Email,2026-05-24
T00637,D0208,Webinar,2025-11-18
T00638,D0209,Cold Email,2026-06-22
T00639,D0209,LinkedIn,2026-07-15
T00640,D0209,Cold Email,2026-07-18
T00641,D0210,LinkedIn,2026-02-01
T00642,D0210,Webinar,2026-02-19
T00643,D0211,Inbound Website,2026-04-01
T00644,D0211,LinkedIn,2026-04-09
T00645,D0211,Inbound Website,2026-04-16
T00646,D0211,Webinar,2026-04-22
T00647,D0211,Referral,2026-04-24
T00648,D0212,Webinar,2026-06-26
T00649,D0213,Webinar,2026-07-29
T00650,D0213,Referral,2026-08-02
T00651,D0213,Webinar,2026-08-14
T00652,D0213,LinkedIn,2026-08-29
T00653,D0214,Cold Email,2026-06-22
T00654,D0214,Cold Email,2026-06-26
T00655,D0214,Inbound Website,2026-06-28
T00656,D0215,Webinar,2025-12-19
T00657,D0215,Cold Email,2025-12-19
T00658,D0215,Inbound Website,2026-01-21
T00659,D0215,Inbound Website,2026-01-23
T00660,D0216,Cold Email,2026-07-09
T00661,D0216,Cold Email,2026-07-26
T00662,D0216,LinkedIn,2026-08-16
T00663,D0217,Inbound Website,2025-09-16
T00664,D0218,Inbound Website,2026-07-07
T00665,D0218,Cold Email,2026-07-08
T00666,D0218,Inbound Website,2026-07-09
T00667,D0218,Webinar,2026-08-01
T00668,D0218,Inbound Website,2026-08-09
T00669,D0219,Inbound Website,2026-04-15
T00670,D0219,LinkedIn,2026-05-08
T00671,D0219,LinkedIn,2026-05-18
T00672,D0220,LinkedIn,2026-03-16
T00673,D0220,Cold Email,2026-03-17
T00674,D0220,Referral,2026-03-21
T00675,D0220,Inbound Website,2026-03-27
T00676,D0220,Webinar,2026-04-10
T00677,D0221,LinkedIn,2026-07-02
T00678,D0221,Cold Email,2026-07-17
T00679,D0221,LinkedIn,2026-07-20
T00680,D0221,Referral,2026-07-23
T00681,D0221,LinkedIn,2026-07-25
T00682,D0222,Cold Email,2026-01-05
T00683,D0222,Referral,2026-01-23
T00684,D0223,LinkedIn,2026-07-27
T00685,D0223,Webinar,2026-08-12
T00686,D0224,Referral,2025-12-20
T00687,D0224,Referral,2025-12-28
T00688,D0224,LinkedIn,2026-01-07
T00689,D0224,LinkedIn,2026-01-22
T00690,D0225,LinkedIn,2026-06-07
T00691,D0225,Cold Email,2026-06-21
T00692,D0225,Referral,2026-06-22
T00693,D0225,Inbound Website,2026-07-05
T00694,D0226,Webinar,2025-12-10
T00695,D0227,Referral,2026-01-29
T00696,D0227,LinkedIn,2026-02-14
T00697,D0227,Referral,2026-03-09
T00698,D0227,Inbound Website,2026-03-25
T00699,D0228,Inbound Website,2025-09-26
T00700,D0229,Cold Email,2026-08-20
T00701,D0229,Webinar,2026-08-22
T00702,D0229,Webinar,2026-08-24
T00703,D0230,LinkedIn,2026-01-11
T00704,D0230,Referral,2026-02-07
T00705,D0230,Referral,2026-03-05
T00706,D0231,LinkedIn,2026-06-21
T00707,D0231,Inbound Website,2026-07-13
T00708,D0232,Referral,2026-02-27
T00709,D0233,LinkedIn,2025-08-22
T00710,D0233,Cold Email,2025-09-15
T00711,D0233,LinkedIn,2025-09-17
T00712,D0233,Inbound Website,2025-09-29
T00713,D0233,Webinar,2025-09-29
T00714,D0234,Cold Email,2026-02-27
T00715,D0234,LinkedIn,2026-03-19
T00716,D0235,Cold Email,2025-12-12
T00717,D0235,Inbound Website,2025-12-18
T00718,D0235,Cold Email,2026-01-11
T00719,D0235,Referral,2026-01-16
T00720,D0236,Webinar,2025-10-14
T00721,D0236,Inbound Website,2025-11-06
T00722,D0236,Inbound Website,2025-11-25
T00723,D0236,Webinar,2025-11-28
T00724,D0236,LinkedIn,2025-12-09
T00725,D0237,LinkedIn,2026-02-05
T00726,D0237,Inbound Website,2026-03-01
T00727,D0237,LinkedIn,2026-03-26
T00728,D0237,Webinar,2026-03-27
T00729,D0238,Cold Email,2026-03-31
T00730,D0239,LinkedIn,2026-07-03
T00731,D0239,Cold Email,2026-07-19
T00732,D0239,Inbound Website,2026-07-23
T00733,D0240,LinkedIn,2025-12-12
T00734,D0240,Cold Email,2026-01-09
T00735,D0240,Inbound Website,2026-01-23
T00736,D0240,Referral,2026-01-27
T00737,D0240,LinkedIn,2026-01-29
T00738,D0241,Webinar,2025-11-05
T00739,D0241,Webinar,2025-11-09
T00740,D0241,Cold Email,2025-12-03
T00741,D0241,LinkedIn,2025-12-06
T00742,D0242,Cold Email,2025-10-10
T00743,D0243,LinkedIn,2026-04-02
T00744,D0243,Referral,2026-04-06
T00745,D0243,Webinar,2026-04-16
T00746,D0243,Inbound Website,2026-05-02
T00747,D0243,Inbound Website,2026-05-08
T00748,D0244,Cold Email,2025-09-09
T00749,D0244,Inbound Website,2025-09-28
T00750,D0245,Referral,2025-08-13
T00751,D0245,Cold Email,2025-09-01
T00752,D0245,Referral,2025-09-17
T00753,D0246,Cold Email,2026-06-13
T00754,D0246,Referral,2026-06-20
T00755,D0246,Webinar,2026-06-23
T00756,D0246,Referral,2026-07-21
T00757,D0247,Cold Email,2025-10-20
T00758,D0247,Inbound Website,2025-11-01
T00759,D0248,Cold Email,2026-04-06
T00760,D0248,Cold Email,2026-04-16
T00761,D0248,LinkedIn,2026-04-22
T00762,D0248,Inbound Website,2026-05-26
T00763,D0249,Referral,2026-03-17
T00764,D0250,LinkedIn,2025-08-27
T00765,D0250,Inbound Website,2025-09-08
T00766,D0250,Referral,2025-10-08
T00767,D0250,LinkedIn,2025-10-20
T00768,D0251,Referral,2025-09-11
T00769,D0251,Cold Email,2025-09-15
T00770,D0251,Cold Email,2025-09-23
T00771,D0251,Cold Email,2025-10-06
T00772,D0252,Inbound Website,2026-05-10
T00773,D0252,Inbound Website,2026-05-19
T00774,D0252,Referral,2026-06-18
T00775,D0252,Inbound Website,2026-06-21
T00776,D0252,Inbound Website,2026-07-02
T00777,D0253,LinkedIn,2026-01-13
T00778,D0253,LinkedIn,2026-01-21
T00779,D0253,LinkedIn,2026-01-30
T00780,D0253,Referral,2026-02-02
T00781,D0254,Cold Email,2026-03-14
T00782,D0254,LinkedIn,2026-03-14
T00783,D0254,Referral,2026-04-15
T00784,D0254,LinkedIn,2026-04-18
T00785,D0255,Referral,2025-12-03
T00786,D0255,Referral,2025-12-18
T00787,D0255,Webinar,2025-12-27
T00788,D0255,Inbound Website,2026-01-03
T00789,D0255,Referral,2026-01-24
T00790,D0256,LinkedIn,2026-04-15
T00791,D0256,Webinar,2026-04-21
T00792,D0256,Cold Email,2026-04-27
T00793,D0256,Inbound Website,2026-05-29
T00794,D0257,Referral,2026-04-06
T00795,D0257,Referral,2026-04-10
T00796,D0257,Referral,2026-04-28
T00797,D0257,Webinar,2026-05-11
T00798,D0258,Inbound Website,2025-12-26
T00799,D0258,Inbound Website,2025-12-29
T00800,D0259,Cold Email,2026-06-18
T00801,D0260,LinkedIn,2025-12-27
T00802,D0260,Webinar,2026-01-07
T00803,D0260,Cold Email,2026-01-08
T00804,D0261,Inbound Website,2026-02-17
T00805,D0261,Referral,2026-03-04
T00806,D0261,Inbound Website,2026-03-17
T00807,D0261,Inbound Website,2026-03-20
T00808,D0261,Webinar,2026-03-28
T00809,D0262,Cold Email,2026-03-13
T00810,D0262,LinkedIn,2026-03-22
T00811,D0262,Cold Email,2026-04-14
T00812,D0262,Webinar,2026-04-24
T00813,D0262,Referral,2026-04-25
T00814,D0263,Referral,2025-11-27
T00815,D0263,LinkedIn,2025-12-13
T00816,D0263,Inbound Website,2025-12-23
T00817,D0263,Inbound Website,2025-12-29
T00818,D0263,Webinar,2026-01-18
T00819,D0264,LinkedIn,2026-07-25
T00820,D0264,LinkedIn,2026-07-28
T00821,D0264,Referral,2026-08-04
T00822,D0265,Webinar,2025-08-17
T00823,D0265,Cold Email,2025-08-29
T00824,D0265,Inbound Website,2025-09-22
T00825,D0266,LinkedIn,2026-02-21
T00826,D0266,Inbound Website,2026-03-08
T00827,D0267,Webinar,2026-09-03
T00828,D0267,Webinar,2026-09-14
T00829,D0268,LinkedIn,2026-06-29
T00830,D0268,Cold Email,2026-07-16
T00831,D0268,LinkedIn,2026-08-05
T00832,D0269,Cold Email,2025-09-24
T00833,D0269,LinkedIn,2025-09-29
T00834,D0269,Cold Email,2025-11-11
T00835,D0270,LinkedIn,2025-12-27
T00836,D0270,Webinar,2026-01-21
T00837,D0271,LinkedIn,2025-12-26
T00838,D0271,LinkedIn,2026-01-05
T00839,D0271,Referral,2026-01-16
T00840,D0272,Cold Email,2025-09-08
T00841,D0272,LinkedIn,2025-10-04
T00842,D0272,Webinar,2025-10-12
T00843,D0272,Cold Email,2025-10-18
T00844,D0272,Inbound Website,2025-10-22
T00845,D0273,Referral,2026-02-07
T00846,D0274,Inbound Website,2026-02-19
T00847,D0274,Referral,2026-03-09
T00848,D0274,Webinar,2026-03-25
T00849,D0274,Cold Email,2026-03-27
T00850,D0275,Inbound Website,2026-07-15
T00851,D0275,Referral,2026-07-28
T00852,D0275,Cold Email,2026-08-03
T00853,D0275,Cold Email,2026-08-05
T00854,D0275,Inbound Website,2026-08-14
T00855,D0276,Cold Email,2026-07-21
T00856,D0276,Referral,2026-07-26
T00857,D0276,Cold Email,2026-07-28
T00858,D0276,Referral,2026-08-01
T00859,D0277,Inbound Website,2025-11-30
T00860,D0277,Cold Email,2025-12-07
T00861,D0277,LinkedIn,2026-01-03
T00862,D0277,Inbound Website,2026-01-18
T00863,D0277,Cold Email,2026-01-20
T00864,D0278,Cold Email,2025-09-26
T00865,D0278,LinkedIn,2025-10-02
T00866,D0278,Inbound Website,2025-11-11
T00867,D0278,Webinar,2025-11-15
T00868,D0279,Inbound Website,2026-04-25
T00869,D0279,LinkedIn,2026-05-01
T00870,D0279,Inbound Website,2026-05-09
T00871,D0279,Inbound Website,2026-05-27
T00872,D0280,Webinar,2025-12-11
T00873,D0280,LinkedIn,2025-12-16
T00874,D0280,Referral,2026-01-17
T00875,D0281,Inbound Website,2025-09-12
T00876,D0281,Referral,2025-09-18
T00877,D0281,Inbound Website,2025-09-25
T00878,D0281,LinkedIn,2025-09-26
T00879,D0282,LinkedIn,2025-12-02
T00880,D0282,Inbound Website,2025-12-07
T00881,D0282,Cold Email,2025-12-28
T00882,D0282,Inbound Website,2026-01-17
T00883,D0283,LinkedIn,2026-07-23
T00884,D0283,Referral,2026-08-06
T00885,D0283,Inbound Website,2026-08-22
T00886,D0283,Inbound Website,2026-08-23
T00887,D0284,Cold Email,2025-10-27
T00888,D0284,LinkedIn,2025-11-21
T00889,D0284,Referral,2025-12-07
T00890,D0285,LinkedIn,2025-09-26
T00891,D0285,LinkedIn,2025-10-04
T00892,D0285,LinkedIn,2025-10-08
T00893,D0285,Cold Email,2025-10-10
T00894,D0285,Referral,2025-10-31
T00895,D0286,Cold Email,2026-03-11
T00896,D0286,LinkedIn,2026-03-18
T00897,D0286,Referral,2026-04-25
T00898,D0286,LinkedIn,2026-05-07
T00899,D0287,Inbound Website,2025-09-28
T00900,D0287,Cold Email,2025-09-30
T00901,D0287,Webinar,2025-10-05
T00902,D0287,Inbound Website,2025-10-14
T00903,D0287,Inbound Website,2025-11-04
T00904,D0288,Cold Email,2025-09-21
T00905,D0288,Cold Email,2025-09-29
T00906,D0289,Cold Email,2026-01-30
T00907,D0289,Inbound Website,2026-02-20
T00908,D0289,Referral,2026-02-24
T00909,D0290,Inbound Website,2025-09-05
T00910,D0290,LinkedIn,2025-09-20
T00911,D0290,Cold Email,2025-10-07
T00912,D0291,Inbound Website,2026-03-04
T00913,D0291,Inbound Website,2026-04-06
T00914,D0292,Cold Email,2026-05-31
T00915,D0292,Cold Email,2026-06-01
T00916,D0292,LinkedIn,2026-07-01
T00917,D0293,Cold Email,2026-01-22
T00918,D0293,Cold Email,2026-02-28
T00919,D0293,LinkedIn,2026-03-03
T00920,D0294,Referral,2025-11-10
T00921,D0294,Webinar,2025-12-10
T00922,D0295,Cold Email,2026-05-20
T00923,D0295,Webinar,2026-05-27
T00924,D0296,LinkedIn,2026-06-17
T00925,D0296,LinkedIn,2026-06-21
T00926,D0296,Inbound Website,2026-07-14
T00927,D0296,Inbound Website,2026-08-10
T00928,D0297,LinkedIn,2026-02-22
T00929,D0297,Inbound Website,2026-03-13
T00930,D0297,LinkedIn,2026-04-18
T00931,D0298,Webinar,2026-04-28
T00932,D0298,Webinar,2026-05-15
T00933,D0298,Inbound Website,2026-05-25
T00934,D0299,Cold Email,2026-01-05
T00935,D0300,Webinar,2026-03-31
T00936,D0300,Cold Email,2026-04-04
T00937,D0301,Inbound Website,2026-04-04
T00938,D0302,Cold Email,2026-06-01
T00939,D0303,Cold Email,2025-10-17
T00940,D0303,Cold Email,2025-10-29
T00941,D0303,Cold Email,2025-11-08
T00942,D0303,Referral,2025-11-22
T00943,D0304,Cold Email,2026-01-30
T00944,D0305,Cold Email,2026-01-10
T00945,D0305,Referral,2026-01-13
T00946,D0305,LinkedIn,2026-01-16
T00947,D0306,Referral,2026-07-16
T00948,D0306,Inbound Website,2026-07-16
T00949,D0306,LinkedIn,2026-07-20
T00950,D0306,Cold Email,2026-07-21
T00951,D0306,LinkedIn,2026-08-09
T00952,D0307,Cold Email,2026-08-04
T00953,D0307,Inbound Website,2026-08-14
T00954,D0307,Cold Email,2026-08-25
T00955,D0308,Inbound Website,2025-11-02
T00956,D0308,Inbound Website,2025-11-19
T00957,D0308,Referral,2025-11-30
T00958,D0308,Webinar,2025-12-20
T00959,D0309,LinkedIn,2026-03-08
T00960,D0309,Inbound Website,2026-03-21
T00961,D0309,Inbound Website,2026-03-27
T00962,D0309,Webinar,2026-04-20
T00963,D0310,Webinar,2025-12-04
T00964,D0311,Cold Email,2025-12-04
T00965,D0311,Referral,2025-12-29
T00966,D0311,Webinar,2026-01-18
T00967,D0311,Inbound Website,2026-01-21
T00968,D0312,Inbound Website,2026-01-12
T00969,D0312,Cold Email,2026-01-22
T00970,D0312,Cold Email,2026-02-03
T00971,D0312,Referral,2026-02-12
T00972,D0313,Cold Email,2025-10-03
T00973,D0313,LinkedIn,2025-10-11
T00974,D0314,LinkedIn,2025-12-26
T00975,D0314,Referral,2026-01-10
T00976,D0314,Inbound Website,2026-02-04
T00977,D0314,LinkedIn,2026-02-07
T00978,D0314,LinkedIn,2026-02-15
T00979,D0315,LinkedIn,2025-10-10
T00980,D0316,LinkedIn,2026-02-26
T00981,D0317,Referral,2026-07-28
T00982,D0317,Inbound Website,2026-07-30
T00983,D0318,Referral,2025-12-20
T00984,D0318,Cold Email,2025-12-22
T00985,D0318,Referral,2025-12-27
T00986,D0318,Inbound Website,2026-01-16
T00987,D0318,Cold Email,2026-02-04
T00988,D0319,LinkedIn,2026-01-13
T00989,D0319,Referral,2026-01-13
T00990,D0319,Inbound Website,2026-01-27
T00991,D0319,LinkedIn,2026-02-05
T00992,D0319,LinkedIn,2026-02-05
T00993,D0320,Webinar,2026-08-11
T00994,D0320,Inbound Website,2026-08-17
T00995,D0320,Cold Email,2026-08-25
T00996,D0320,Inbound Website,2026-09-01
T00997,D0321,Cold Email,2026-03-05
T00998,D0321,Inbound Website,2026-03-10
T00999,D0321,Webinar,2026-03-20
T01000,D0321,LinkedIn,2026-03-26
T01001,D0322,LinkedIn,2025-11-21
T01002,D0322,Cold Email,2025-12-27
T01003,D0323,Cold Email,2026-02-23
T01004,D0323,Inbound Website,2026-03-12
T01005,D0324,LinkedIn,2026-04-16
T01006,D0324,Cold Email,2026-04-20
T01007,D0325,LinkedIn,2025-10-22
T01008,D0325,Webinar,2025-11-08
T01009,D0325,Webinar,2025-11-11
T01010,D0325,Referral,2025-11-16
T01011,D0326,LinkedIn,2025-12-18
T01012,D0327,Webinar,2026-04-09
T01013,D0327,Cold Email,2026-04-26
T01014,D0327,Inbound Website,2026-05-05
T01015,D0327,Inbound Website,2026-05-20
T01016,D0327,Referral,2026-05-30
T01017,D0328,Webinar,2026-06-27
T01018,D0329,LinkedIn,2026-07-25
T01019,D0330,Cold Email,2026-04-27
T01020,D0330,Webinar,2026-05-03
T01021,D0330,LinkedIn,2026-06-01
T01022,D0331,Cold Email,2026-05-13
T01023,D0331,Inbound Website,2026-05-19
T01024,D0331,Referral,2026-06-15
T01025,D0331,Cold Email,2026-06-18
T01026,D0332,Cold Email,2026-07-01
T01027,D0332,Webinar,2026-07-23
T01028,D0333,LinkedIn,2025-08-10
T01029,D0333,Referral,2025-08-14
T01030,D0333,Referral,2025-08-27
T01031,D0333,Referral,2025-08-29
T01032,D0334,LinkedIn,2026-01-02
T01033,D0334,Cold Email,2026-01-10
T01034,D0334,Cold Email,2026-02-14
T01035,D0335,Referral,2025-10-02
T01036,D0336,Inbound Website,2026-06-08
T01037,D0336,Webinar,2026-06-25
T01038,D0336,Referral,2026-06-27
T01039,D0336,Webinar,2026-08-02
T01040,D0337,Cold Email,2026-07-30
T01041,D0337,Referral,2026-09-04
T01042,D0337,LinkedIn,2026-09-17
T01043,D0338,Cold Email,2026-05-12
T01044,D0339,Webinar,2025-09-24
T01045,D0339,Webinar,2025-10-17
T01046,D0339,Inbound Website,2025-10-29
T01047,D0340,LinkedIn,2025-08-22
T01048,D0340,Referral,2025-08-23
T01049,D0340,Inbound Website,2025-09-27
T01050,D0340,Referral,2025-09-29
T01051,D0341,Cold Email,2025-10-02
T01052,D0342,Referral,2026-07-30
T01053,D0342,Inbound Website,2026-08-18
T01054,D0342,Referral,2026-08-25
T01055,D0342,Webinar,2026-09-03
T01056,D0342,Inbound Website,2026-09-14
T01057,D0343,Cold Email,2026-03-20
T01058,D0343,Inbound Website,2026-03-25
T01059,D0343,LinkedIn,2026-03-25
T01060,D0343,Inbound Website,2026-04-06
T01061,D0343,LinkedIn,2026-04-20
T01062,D0344,Referral,2025-09-15
T01063,D0344,Webinar,2025-09-15
T01064,D0344,Inbound Website,2025-10-30
T01065,D0344,Inbound Website,2025-10-31
T01066,D0344,LinkedIn,2025-11-02
T01067,D0345,Webinar,2025-10-16
T01068,D0345,LinkedIn,2025-10-26
T01069,D0345,Webinar,2025-10-29
T01070,D0346,LinkedIn,2025-12-15
T01071,D0347,Cold Email,2025-10-06
T01072,D0347,Referral,2025-11-06
T01073,D0348,Cold Email,2026-05-21
T01074,D0348,LinkedIn,2026-05-30
T01075,D0348,LinkedIn,2026-06-25
T01076,D0349,Referral,2025-10-02
T01077,D0349,Cold Email,2025-10-19
T01078,D0349,Cold Email,2025-11-19
T01079,D0349,Referral,2025-11-20
T01080,D0350,Referral,2025-12-28
T01081,D0350,Webinar,2026-01-08
T01082,D0350,Inbound Website,2026-02-08
T01083,D0350,Inbound Website,2026-02-16
T01084,D0350,Referral,2026-02-19
T01085,D0351,Cold Email,2026-03-08
T01086,D0351,LinkedIn,2026-04-02
T01087,D0351,Inbound Website,2026-04-06
T01088,D0351,Webinar,2026-04-24
T01089,D0351,LinkedIn,2026-04-30
T01090,D0352,Cold Email,2026-02-22
T01091,D0352,Webinar,2026-03-31
T01092,D0352,Webinar,2026-04-09
T01093,D0352,Webinar,2026-04-10
T01094,D0352,LinkedIn,2026-04-14
T01095,D0353,Cold Email,2026-02-16
T01096,D0353,Webinar,2026-02-23
T01097,D0354,Inbound Website,2026-01-21
T01098,D0355,LinkedIn,2026-06-15
T01099,D0356,LinkedIn,2026-04-09
T01100,D0356,Referral,2026-04-14
T01101,D0357,Inbound Website,2026-07-09
T01102,D0358,Inbound Website,2026-02-28
T01103,D0358,Inbound Website,2026-03-06
T01104,D0359,Webinar,2025-10-16
T01105,D0359,Referral,2025-10-27
T01106,D0359,Cold Email,2025-11-01
T01107,D0360,LinkedIn,2025-09-06
T01108,D0360,Webinar,2025-09-07
T01109,D0361,Cold Email,2025-09-28
T01110,D0361,Referral,2025-10-04
T01111,D0361,LinkedIn,2025-10-17
T01112,D0361,Cold Email,2025-11-13
T01113,D0362,Inbound Website,2025-09-12
T01114,D0362,Referral,2025-09-19
T01115,D0362,Cold Email,2025-09-28
T01116,D0363,Cold Email,2025-12-13
T01117,D0364,LinkedIn,2026-01-11
T01118,D0364,Referral,2026-02-11
T01119,D0365,Inbound Website,2025-11-03
T01120,D0365,Webinar,2025-11-05
T01121,D0365,Cold Email,2025-12-12
T01122,D0366,Cold Email,2025-11-03
T01123,D0367,Webinar,2026-07-25
T01124,D0367,Inbound Website,2026-08-05
T01125,D0368,Referral,2026-06-12
T01126,D0368,Webinar,2026-07-02
T01127,D0368,Webinar,2026-07-24
T01128,D0368,Webinar,2026-08-01
T01129,D0369,Inbound Website,2026-01-01
T01130,D0369,Referral,2026-01-23
T01131,D0369,Cold Email,2026-01-26
T01132,D0370,LinkedIn,2026-06-25
T01133,D0370,Referral,2026-06-29
T01134,D0370,Inbound Website,2026-07-28
T01135,D0371,Cold Email,2026-02-26
T01136,D0372,LinkedIn,2026-01-13
T01137,D0372,LinkedIn,2026-02-09
T01138,D0372,Referral,2026-02-16
T01139,D0373,Cold Email,2026-04-01
T01140,D0373,Referral,2026-04-03
T01141,D0373,Referral,2026-04-12
T01142,D0374,LinkedIn,2026-07-29
T01143,D0374,Referral,2026-08-16
T01144,D0374,LinkedIn,2026-08-21
T01145,D0375,Webinar,2025-11-15
T01146,D0376,Cold Email,2025-10-21
T01147,D0377,Cold Email,2025-10-03
T01148,D0377,Referral,2025-10-24
T01149,D0377,Cold Email,2025-10-31
T01150,D0377,Cold Email,2025-11-23
T01151,D0377,Referral,2025-11-27
T01152,D0378,Cold Email,2026-07-15
T01153,D0378,Referral,2026-07-22
T01154,D0379,LinkedIn,2026-07-06
T01155,D0379,Inbound Website,2026-07-14
T01156,D0380,Cold Email,2025-08-11
T01157,D0380,Referral,2025-08-21
T01158,D0380,Webinar,2025-09-22
T01159,D0380,Webinar,2025-09-27
T01160,D0381,Webinar,2025-12-29
T01161,D0382,Referral,2026-04-28
T01162,D0382,Webinar,2026-06-10
T01163,D0383,Referral,2026-08-18
T01164,D0384,Inbound Website,2025-11-22
T01165,D0384,Webinar,2025-12-09
T01166,D0384,Cold Email,2025-12-24
T01167,D0384,Cold Email,2026-01-01
T01168,D0385,Inbound Website,2025-12-25
T01169,D0385,Inbound Website,2025-12-29
T01170,D0385,Cold Email,2026-01-17
T01171,D0385,Cold Email,2026-01-18
T01172,D0385,Inbound Website,2026-01-28
T01173,D0386,Referral,2026-05-12
T01174,D0386,LinkedIn,2026-05-13
T01175,D0386,Inbound Website,2026-06-08
T01176,D0386,Referral,2026-06-08
T01177,D0387,Webinar,2025-11-11
T01178,D0387,Referral,2025-11-15
T01179,D0387,Referral,2025-11-17
T01180,D0387,Referral,2025-11-30
T01181,D0388,Webinar,2025-09-04
T01182,D0388,Cold Email,2025-09-25
T01183,D0388,Referral,2025-10-27
T01184,D0389,Cold Email,2025-10-15
T01185,D0389,Referral,2025-10-16
T01186,D0389,Webinar,2025-11-15
T01187,D0389,Inbound Website,2025-11-22
T01188,D0390,LinkedIn,2026-07-18
T01189,D0390,LinkedIn,2026-08-02
T01190,D0390,Inbound Website,2026-08-13
T01191,D0391,LinkedIn,2025-10-22
T01192,D0391,Referral,2025-10-23
T01193,D0392,LinkedIn,2026-06-18
T01194,D0392,Inbound Website,2026-07-07
T01195,D0392,Webinar,2026-07-13
T01196,D0393,Cold Email,2026-05-20
T01197,D0393,Cold Email,2026-05-23
T01198,D0393,LinkedIn,2026-05-25
T01199,D0394,Cold Email,2026-03-04
T01200,D0394,LinkedIn,2026-03-20
T01201,D0394,Referral,2026-04-18
T01202,D0394,LinkedIn,2026-04-28
T01203,D0395,Referral,2025-08-21
T01204,D0395,Cold Email,2025-09-07
T01205,D0395,Webinar,2025-09-26
T01206,D0396,LinkedIn,2026-02-26
T01207,D0396,Referral,2026-03-29
T01208,D0397,Webinar,2026-02-26
T01209,D0398,Inbound Website,2026-06-02
T01210,D0398,Webinar,2026-06-21
T01211,D0399,Inbound Website,2026-01-08
T01212,D0399,LinkedIn,2026-01-15
T01213,D0399,Referral,2026-03-03
T01214,D0400,LinkedIn,2025-11-25
